98889,Candidatus Portiera,Candidatus Portiera aleyrodidarum
107700,Candidatus Portiera,Candidatus Portiera aleyrodidarum
103423,Candidatus Portiera,Candidatus Portiera aleyrodidarum
702853,Candidatus Glomeribacter,Candidatus Glomeribacter gigasporarum
256858,Candidatus Nitrososphaera,Candidatus Nitrososphaera SCA1145
551491,Candidatus Nitrososphaera,Candidatus Nitrososphaera SCA1145
730300,Candidatus Nitrososphaera,Candidatus Nitrososphaera SCA1145
569392,Candidatus Nitrososphaera,Candidatus Nitrososphaera SCA1145
572147,Candidatus Nitrososphaera,Candidatus Nitrososphaera SCA1145
746299,Candidatus Nitrososphaera,Candidatus Nitrososphaera SCA1145
543266,Candidatus Nitrososphaera,Candidatus Nitrososphaera SCA1145
555756,Candidatus Nitrososphaera,Candidatus Nitrososphaera SCA1145
689892,Candidatus Nitrososphaera,Candidatus Nitrososphaera SCA1145
654552,Candidatus Nitrososphaera,Candidatus Nitrososphaera SCA1145
509175,Candidatus Nitrososphaera,Candidatus Nitrososphaera SCA1145
546185,Candidatus Nitrososphaera,Candidatus Nitrososphaera SCA1145
772621,Candidatus Nitrososphaera,Candidatus Nitrososphaera SCA1145
743522,Candidatus Nitrososphaera,Candidatus Nitrososphaera SCA1145
803622,Candidatus Nitrososphaera,Candidatus Nitrososphaera SCA1145
563233,Candidatus Nitrososphaera,Candidatus Nitrososphaera SCA1145
764949,Candidatus Nitrososphaera,Candidatus Nitrososphaera SCA1145
799729,Candidatus Nitrososphaera,Candidatus Nitrososphaera SCA1145
677424,Candidatus Nitrososphaera,Candidatus Nitrososphaera SCA1145
735483,Candidatus Nitrososphaera,Candidatus Nitrososphaera SCA1145
648426,Candidatus Nitrososphaera,Candidatus Nitrososphaera SCA1145
566960,Candidatus Nitrososphaera,Candidatus Nitrososphaera SCA1145
547133,Candidatus Nitrososphaera,Candidatus Nitrososphaera SCA1145
610562,Candidatus Nitrososphaera,Candidatus Nitrososphaera SCA1145
567177,Candidatus Nitrososphaera,Candidatus Nitrososphaera SCA1145
650228,Candidatus Nitrososphaera,Candidatus Nitrososphaera SCA1145
100367,Candidatus Nitrososphaera,Candidatus Nitrososphaera SCA1145
103275,Candidatus Portiera,Candidatus Portiera aleyrodidarum
543619,Candidatus Neoehrlichia,Candidatus Neoehrlichia mikurensis
120773,Candidatus Neoehrlichia,Candidatus Neoehrlichia mikurensis
99356,Candidatus Portiera,Candidatus Portiera aleyrodidarum
8122,Candidatus Portiera,Candidatus Portiera aleyrodidarum
628484,Candidatus Regiella,Candidatus Regiella insecticola
196412,Candidatus Nitrososphaera,Candidatus Nitrososphaera gargensis
4466739,Candidatus Nitrososphaera,Candidatus Nitrososphaera gargensis
91372,Candidatus Blochmannia,Candidatus Blochmannia floridanus
191713,Candidatus Blochmannia,Candidatus Blochmannia floridanus
9974,Candidatus Blochmannia,Candidatus Blochmannia floridanus
136190,Candidatus Blochmannia,Candidatus Blochmannia floridanus
102674,Candidatus Portiera,Candidatus Portiera aleyrodidarum
102519,Candidatus Portiera,Candidatus Portiera aleyrodidarum
51913,Candidatus Portiera,Candidatus Portiera aleyrodidarum
25116,Candidatus Nitrososphaera,Candidatus Nitrososphaera gargensis
258469,Candidatus Phytoplasma,Candidatus Phytoplasma witches-broom
99204,Candidatus Portiera,Candidatus Portiera aleyrodidarum
101071,Candidatus Nitrososphaera,Candidatus Nitrososphaera SCA1170
556706,Candidatus Nitrososphaera,Candidatus Nitrososphaera SCA1170
513911,Candidatus Nitrososphaera,Candidatus Nitrososphaera SCA1170
538953,Candidatus Nitrososphaera,Candidatus Nitrososphaera SCA1170
736676,Candidatus Nitrososphaera,Candidatus Nitrososphaera SCA1170
563299,Candidatus Nitrososphaera,Candidatus Nitrososphaera SCA1170
664363,Candidatus Nitrososphaera,Candidatus Nitrososphaera SCA1170
549718,Candidatus Nitrososphaera,Candidatus Nitrososphaera SCA1170
606186,Candidatus Nitrososphaera,Candidatus Nitrososphaera SCA1170
612659,Candidatus Nitrososphaera,Candidatus Nitrososphaera SCA1170
769398,Candidatus Nitrososphaera,Candidatus Nitrososphaera SCA1170
564074,Candidatus Nitrososphaera,Candidatus Nitrososphaera SCA1170
511141,Candidatus Nitrososphaera,Candidatus Nitrososphaera SCA1170
540828,Candidatus Nitrososphaera,Candidatus Nitrososphaera SCA1170
533409,Candidatus Nitrososphaera,Candidatus Nitrososphaera SCA1170
555541,Candidatus Nitrososphaera,Candidatus Nitrososphaera SCA1170
566228,Candidatus Nitrososphaera,Candidatus Nitrososphaera SCA1170
532600,Candidatus Nitrososphaera,Candidatus Nitrososphaera SCA1170
565520,Candidatus Nitrososphaera,Candidatus Nitrososphaera SCA1170
709902,Candidatus Nitrososphaera,Candidatus Nitrososphaera SCA1170
759740,Candidatus Nitrososphaera,Candidatus Nitrososphaera SCA1170
723361,Candidatus Nitrososphaera,Candidatus Nitrososphaera SCA1170
569565,Candidatus Nitrososphaera,Candidatus Nitrososphaera SCA1170
575024,Candidatus Nitrososphaera,Candidatus Nitrososphaera SCA1170
679190,Candidatus Nitrososphaera,Candidatus Nitrososphaera SCA1170
563996,Candidatus Nitrososphaera,Candidatus Nitrososphaera SCA1170
732574,Candidatus Nitrososphaera,Candidatus Nitrososphaera SCA1170
509461,Candidatus Nitrososphaera,Candidatus Nitrososphaera SCA1170
558392,Candidatus Nitrososphaera,Candidatus Nitrososphaera SCA1170
549164,Candidatus Nitrososphaera,Candidatus Nitrososphaera SCA1170
552185,Candidatus Nitrososphaera,Candidatus Nitrososphaera SCA1170
550237,Candidatus Nitrososphaera,Candidatus Nitrososphaera SCA1170
513954,Candidatus Nitrososphaera,Candidatus Nitrososphaera SCA1170
547180,Candidatus Nitrososphaera,Candidatus Nitrososphaera SCA1170
616154,Candidatus Nitrososphaera,Candidatus Nitrososphaera SCA1170
728920,Candidatus Nitrososphaera,Candidatus Nitrososphaera SCA1170
655788,Candidatus Nitrososphaera,Candidatus Nitrososphaera SCA1170
668466,Candidatus Nitrososphaera,Candidatus Nitrososphaera SCA1170
513232,Candidatus Nitrososphaera,Candidatus Nitrososphaera SCA1170
546156,Candidatus Nitrososphaera,Candidatus Nitrososphaera SCA1170
565658,Candidatus Nitrososphaera,Candidatus Nitrososphaera SCA1170
562344,Candidatus Nitrososphaera,Candidatus Nitrososphaera SCA1170
804577,Candidatus Nitrososphaera,Candidatus Nitrososphaera SCA1170
644223,Candidatus Nitrososphaera,Candidatus Nitrososphaera SCA1170
665159,Candidatus Nitrososphaera,Candidatus Nitrososphaera SCA1170
684194,Candidatus Nitrososphaera,Candidatus Nitrososphaera SCA1170
746134,Candidatus Nitrososphaera,Candidatus Nitrososphaera SCA1170
734009,Candidatus Nitrososphaera,Candidatus Nitrososphaera SCA1170
723981,Candidatus Nitrososphaera,Candidatus Nitrososphaera SCA1170
568951,Candidatus Nitrososphaera,Candidatus Nitrososphaera SCA1170
700812,Candidatus Nitrososphaera,Candidatus Nitrososphaera SCA1170
431327,Candidatus Nitrososphaera,Candidatus Nitrososphaera SCA1170
83832,Candidatus Nitrososphaera,Candidatus Nitrososphaera SCA1170
100523,Candidatus Nitrososphaera,Candidatus Nitrososphaera SCA1170
1126064,Candidatus Koribacter,Candidatus Koribacter versatilis
295454,Candidatus Methylacidiphilum,Candidatus Methylacidiphilum infernorum
301652,Candidatus Methylacidiphilum,Candidatus Methylacidiphilum infernorum
241776,Candidatus Methylacidiphilum,Candidatus Methylacidiphilum infernorum
256126,Candidatus Methylacidiphilum,Candidatus Methylacidiphilum infernorum
814889,Candidatus Aquiluna,Candidatus Aquiluna rubra
669547,Candidatus Nitrososphaera,Candidatus Nitrososphaera gargensis
19222,Candidatus Portiera,Candidatus Portiera aleyrodidarum
726864,Candidatus Nitrososphaera,Candidatus Nitrososphaera gargensis
647619,Candidatus Nitrososphaera,Candidatus Nitrososphaera gargensis
799891,Candidatus Nitrososphaera,Candidatus Nitrososphaera gargensis
725266,Candidatus Nitrososphaera,Candidatus Nitrososphaera gargensis
564501,Candidatus Nitrososphaera,Candidatus Nitrososphaera gargensis
572345,Candidatus Nitrososphaera,Candidatus Nitrososphaera gargensis
1142,Candidatus Nitrososphaera,Candidatus Nitrososphaera SCA1170
75314,Candidatus Nitrososphaera,Candidatus Nitrososphaera SCA1170
102378,Candidatus Nitrososphaera,Candidatus Nitrososphaera SCA1170
100051,Candidatus Nitrososphaera,Candidatus Nitrososphaera SCA1170
45484,Candidatus Nitrososphaera,Candidatus Nitrososphaera SCA1170
643004,Candidatus Nitrososphaera,Candidatus Nitrososphaera SCA1170
1145,Candidatus Nitrososphaera,Candidatus Nitrososphaera SCA1170
41594,Candidatus Nitrososphaera,Candidatus Nitrososphaera SCA1170
211536,Candidatus Nitrososphaera,Candidatus Nitrososphaera SCA1170
246419,Candidatus Nitrososphaera,Candidatus Nitrososphaera SCA1170
76642,Candidatus Nitrososphaera,Candidatus Nitrososphaera SCA1170
74966,Candidatus Nitrososphaera,Candidatus Nitrososphaera SCA1170
237446,Candidatus Nitrososphaera,Candidatus Nitrososphaera SCA1170
1111,Candidatus Nitrososphaera,Candidatus Nitrososphaera SCA1170
100781,Candidatus Nitrososphaera,Candidatus Nitrososphaera SCA1170
104825,Candidatus Nitrososphaera,Candidatus Nitrososphaera SCA1170
101770,Candidatus Nitrososphaera,Candidatus Nitrososphaera SCA1170
1148,Candidatus Nitrososphaera,Candidatus Nitrososphaera gargensis
199880,Candidatus Liberibacter,Candidatus Liberibacter africanus
12524,Candidatus Microthrix,Candidatus Microthrix parvicella
12527,Candidatus Microthrix,Candidatus Microthrix parvicella
278455,Candidatus Neoehrlichia,Candidatus Neoehrlichia mikurensis
4392742,Candidatus Aquiluna,Candidatus Aquiluna rubra
4450901,Candidatus Aquiluna,Candidatus Aquiluna rubra
755399,Candidatus Aquiluna,Candidatus Aquiluna rubra
30439,Candidatus Glomeribacter,Candidatus Glomeribacter gigasporarum
50390,Candidatus Glomeribacter,Candidatus Glomeribacter gigasporarum
101068,Candidatus Phytoplasma,Candidatus Phytoplasma solani
100909,Candidatus Phytoplasma,Candidatus Phytoplasma solani
103893,Candidatus Phytoplasma,Candidatus Phytoplasma solani
103748,Candidatus Phytoplasma,Candidatus Phytoplasma solani
103603,Candidatus Phytoplasma,Candidatus Phytoplasma solani
240200,Candidatus Aquiluna,Candidatus Aquiluna rubra
193099,Candidatus Phytoplasma,Candidatus Phytoplasma witches-broom
174907,Candidatus Phytoplasma,Candidatus Phytoplasma witches-broom
143071,Candidatus Phytoplasma,Candidatus Phytoplasma witches-broom
104587,Candidatus Phytoplasma,Candidatus Phytoplasma witches-broom
112157,Candidatus Phytoplasma,Candidatus Phytoplasma witches-broom
188641,Candidatus Phytoplasma,Candidatus Phytoplasma witches-broom
80823,Candidatus Phytoplasma,Candidatus Phytoplasma witches-broom
15611,Candidatus Phytoplasma,Candidatus Phytoplasma witches-broom
227250,Candidatus Phytoplasma,Candidatus Phytoplasma witches-broom
111110,Candidatus Phytoplasma,Candidatus Phytoplasma witches-broom
111089,Candidatus Phytoplasma,Candidatus Phytoplasma witches-broom
69030,Candidatus Phytoplasma,Candidatus Phytoplasma witches-broom
68906,Candidatus Phytoplasma,Candidatus Phytoplasma witches-broom
1148063,Candidatus Phytoplasma,Candidatus Phytoplasma witches-broom
1146474,Candidatus Phytoplasma,Candidatus Phytoplasma witches-broom
4458513,Candidatus Phytoplasma,Candidatus Phytoplasma witches-broom
4340957,Candidatus Phytoplasma,Candidatus Phytoplasma witches-broom
1147020,Candidatus Phytoplasma,Candidatus Phytoplasma witches-broom
1146973,Candidatus Phytoplasma,Candidatus Phytoplasma witches-broom
1147176,Candidatus Phytoplasma,Candidatus Phytoplasma witches-broom
4458512,Candidatus Phytoplasma,Candidatus Phytoplasma witches-broom
4458514,Candidatus Phytoplasma,Candidatus Phytoplasma witches-broom
821088,Candidatus Phytoplasma,Candidatus Phytoplasma witches-broom
832586,Candidatus Phytoplasma,Candidatus Phytoplasma witches-broom
552706,Candidatus Phytoplasma,Candidatus Phytoplasma witches-broom
3966770,Candidatus Phytoplasma,Candidatus Phytoplasma witches-broom
826605,Candidatus Phytoplasma,Candidatus Phytoplasma witches-broom
826160,Candidatus Phytoplasma,Candidatus Phytoplasma witches-broom
1621879,Candidatus Phytoplasma,Candidatus Phytoplasma witches-broom
1621880,Candidatus Phytoplasma,Candidatus Phytoplasma witches-broom
4462460,Candidatus Phytoplasma,Candidatus Phytoplasma witches-broom
808775,Candidatus Phytoplasma,Candidatus Phytoplasma witches-broom
809057,Candidatus Phytoplasma,Candidatus Phytoplasma witches-broom
825950,Candidatus Phytoplasma,Candidatus Phytoplasma witches-broom
4297347,Candidatus Phytoplasma,Candidatus Phytoplasma witches-broom
110809,Candidatus Phytoplasma,Candidatus Phytoplasma witches-broom
107828,Candidatus Phytoplasma,Candidatus Phytoplasma witches-broom
99886,Candidatus Phytoplasma,Candidatus Phytoplasma witches-broom
43247,Candidatus Phytoplasma,Candidatus Phytoplasma witches-broom
20661,Candidatus Phytoplasma,Candidatus Phytoplasma witches-broom
180924,Candidatus Phytoplasma,Candidatus Phytoplasma witches-broom
109902,Candidatus Phytoplasma,Candidatus Phytoplasma witches-broom
52099,Candidatus Phytoplasma,Candidatus Phytoplasma witches-broom
50829,Candidatus Phytoplasma,Candidatus Phytoplasma witches-broom
236556,Candidatus Phytoplasma,Candidatus Phytoplasma witches-broom
110523,Candidatus Phytoplasma,Candidatus Phytoplasma witches-broom
110757,Candidatus Phytoplasma,Candidatus Phytoplasma witches-broom
574012,Candidatus Phytoplasma,Candidatus Phytoplasma witches-broom
622698,Candidatus Phytoplasma,Candidatus Phytoplasma witches-broom
263321,Candidatus Phytoplasma,Candidatus Phytoplasma witches-broom
822993,Candidatus Phytoplasma,Candidatus Phytoplasma witches-broom
257573,Candidatus Phytoplasma,Candidatus Phytoplasma witches-broom
830018,Candidatus Phytoplasma,Candidatus Phytoplasma witches-broom
161683,Candidatus Phytoplasma,Candidatus Phytoplasma witches-broom
69655,Candidatus Phytoplasma,Candidatus Phytoplasma witches-broom
4294678,Candidatus Regiella,Candidatus Regiella insecticola
4378761,Candidatus Regiella,Candidatus Regiella insecticola
4367604,Candidatus Regiella,Candidatus Regiella insecticola
108266,Candidatus Regiella,Candidatus Regiella insecticola
4485339,Candidatus Regiella,Candidatus Regiella insecticola
143107,Candidatus Nitrososphaera,Candidatus Nitrososphaera SCA1145
141138,Candidatus Nitrososphaera,Candidatus Nitrososphaera SCA1145
141933,Candidatus Nitrososphaera,Candidatus Nitrososphaera SCA1145
143675,Candidatus Nitrososphaera,Candidatus Nitrososphaera SCA1145
102235,Candidatus Nitrososphaera,Candidatus Nitrososphaera SCA1145
102080,Candidatus Nitrososphaera,Candidatus Nitrososphaera SCA1145
105735,Candidatus Nitrososphaera,Candidatus Nitrososphaera SCA1145
100837,Candidatus Nitrososphaera,Candidatus Nitrososphaera SCA1145
100210,Candidatus Nitrososphaera,Candidatus Nitrososphaera SCA1145
99896,Candidatus Nitrososphaera,Candidatus Nitrososphaera SCA1145
99736,Candidatus Nitrososphaera,Candidatus Nitrososphaera SCA1145
30247,Candidatus Nitrososphaera,Candidatus Nitrososphaera SCA1145
26266,Candidatus Nitrososphaera,Candidatus Nitrososphaera SCA1145
51909,Candidatus Nitrososphaera,Candidatus Nitrososphaera SCA1145
348797,Candidatus Liberibacter,Candidatus Liberibacter africanus
317744,Candidatus Liberibacter,Candidatus Liberibacter africanus
326249,Candidatus Liberibacter,Candidatus Liberibacter africanus
686362,Candidatus Aquiluna,Candidatus Aquiluna rubra
1122723,Candidatus Nitrososphaera,Candidatus Nitrososphaera SCA1145
1131086,Candidatus Nitrososphaera,Candidatus Nitrososphaera SCA1145
1135491,Candidatus Nitrososphaera,Candidatus Nitrososphaera SCA1145
1138695,Candidatus Nitrososphaera,Candidatus Nitrososphaera SCA1145
4310982,Candidatus Nitrososphaera,Candidatus Nitrososphaera SCA1145
1121428,Candidatus Nitrososphaera,Candidatus Nitrososphaera SCA1145
4430735,Candidatus Nitrososphaera,Candidatus Nitrososphaera SCA1145
1125278,Candidatus Nitrososphaera,Candidatus Nitrososphaera SCA1145
4430733,Candidatus Nitrososphaera,Candidatus Nitrososphaera SCA1145
4398829,Candidatus Nitrososphaera,Candidatus Nitrososphaera SCA1145
1124267,Candidatus Nitrososphaera,Candidatus Nitrososphaera SCA1145
4312869,Candidatus Nitrososphaera,Candidatus Nitrososphaera SCA1145
1132893,Candidatus Nitrososphaera,Candidatus Nitrososphaera SCA1145
4438802,Candidatus Nitrososphaera,Candidatus Nitrososphaera SCA1145
1124974,Candidatus Nitrososphaera,Candidatus Nitrososphaera SCA1145
1127313,Candidatus Nitrososphaera,Candidatus Nitrososphaera SCA1145
1140302,Candidatus Nitrososphaera,Candidatus Nitrososphaera SCA1145
1122894,Candidatus Nitrososphaera,Candidatus Nitrososphaera SCA1145
1127689,Candidatus Nitrososphaera,Candidatus Nitrososphaera SCA1145
1123687,Candidatus Nitrososphaera,Candidatus Nitrososphaera SCA1145
1137750,Candidatus Nitrososphaera,Candidatus Nitrososphaera SCA1145
1133530,Candidatus Nitrososphaera,Candidatus Nitrososphaera SCA1145
4310981,Candidatus Nitrososphaera,Candidatus Nitrososphaera SCA1145
1125082,Candidatus Nitrososphaera,Candidatus Nitrososphaera SCA1145
4438803,Candidatus Nitrososphaera,Candidatus Nitrososphaera SCA1145
1139700,Candidatus Nitrososphaera,Candidatus Nitrososphaera SCA1145
1133699,Candidatus Nitrososphaera,Candidatus Nitrososphaera SCA1145
1141407,Candidatus Nitrososphaera,Candidatus Nitrososphaera SCA1145
4438801,Candidatus Nitrososphaera,Candidatus Nitrososphaera SCA1145
1124467,Candidatus Nitrososphaera,Candidatus Nitrososphaera SCA1145
4430732,Candidatus Nitrososphaera,Candidatus Nitrososphaera SCA1145
4467888,Candidatus Nitrososphaera,Candidatus Nitrososphaera SCA1145
107261,Candidatus Portiera,Candidatus Portiera aleyrodidarum
107113,Candidatus Portiera,Candidatus Portiera aleyrodidarum
103272,Candidatus Portiera,Candidatus Portiera aleyrodidarum
103559,Candidatus Portiera,Candidatus Portiera aleyrodidarum
8116,Candidatus Portiera,Candidatus Portiera aleyrodidarum
45833,Candidatus Portiera,Candidatus Portiera aleyrodidarum
334190,Candidatus Aquiluna,Candidatus Aquiluna rubra
303928,Candidatus Aquiluna,Candidatus Aquiluna rubra
4401774,Candidatus Aquiluna,Candidatus Aquiluna rubra
4179516,Candidatus Aquiluna,Candidatus Aquiluna rubra
4179520,Candidatus Aquiluna,Candidatus Aquiluna rubra
4481091,Candidatus Aquiluna,Candidatus Aquiluna rubra
4323672,Candidatus Aquiluna,Candidatus Aquiluna rubra
154111,Candidatus Aquiluna,Candidatus Aquiluna rubra
577570,Candidatus Aquiluna,Candidatus Aquiluna rubra
252436,Candidatus Aquiluna,Candidatus Aquiluna rubra
588389,Candidatus Aquiluna,Candidatus Aquiluna rubra
4338085,Candidatus Phytoplasma,Candidatus Phytoplasma witches-broom
260301,Candidatus Phytoplasma,Candidatus Phytoplasma witches-broom
748601,Candidatus Nitrososphaera,Candidatus Nitrososphaera gargensis
546313,Candidatus Nitrososphaera,Candidatus Nitrososphaera gargensis
566601,Candidatus Nitrososphaera,Candidatus Nitrososphaera gargensis
736161,Candidatus Nitrososphaera,Candidatus Nitrososphaera gargensis
25922,Candidatus Regiella,Candidatus Regiella insecticola
15582,Candidatus Phytoplasma,Candidatus Phytoplasma witches-broom
313830,Candidatus Glomeribacter,Candidatus Glomeribacter gigasporarum
4336443,Candidatus Aquiluna,Candidatus Aquiluna rubra
2477947,Candidatus Aquiluna,Candidatus Aquiluna rubra
1126399,Candidatus Aquiluna,Candidatus Aquiluna rubra
4343825,Candidatus Aquiluna,Candidatus Aquiluna rubra
587920,Candidatus Aquiluna,Candidatus Aquiluna rubra
140422,Candidatus Aquiluna,Candidatus Aquiluna rubra
140011,Candidatus Aquiluna,Candidatus Aquiluna rubra
140129,Candidatus Aquiluna,Candidatus Aquiluna rubra
4304010,Candidatus Aquiluna,Candidatus Aquiluna rubra
4410925,Candidatus Aquiluna,Candidatus Aquiluna rubra
95198,Candidatus Aquiluna,Candidatus Aquiluna rubra
96596,Candidatus Aquiluna,Candidatus Aquiluna rubra
4303051,Candidatus Aquiluna,Candidatus Aquiluna rubra
4324440,Candidatus Aquiluna,Candidatus Aquiluna rubra
4324448,Candidatus Aquiluna,Candidatus Aquiluna rubra
4309035,Candidatus Aquiluna,Candidatus Aquiluna rubra
4309042,Candidatus Aquiluna,Candidatus Aquiluna rubra
4353552,Candidatus Aquiluna,Candidatus Aquiluna rubra
4362884,Candidatus Aquiluna,Candidatus Aquiluna rubra
4474276,Candidatus Aquiluna,Candidatus Aquiluna rubra
4305123,Candidatus Aquiluna,Candidatus Aquiluna rubra
4461237,Candidatus Aquiluna,Candidatus Aquiluna rubra
4304965,Candidatus Aquiluna,Candidatus Aquiluna rubra
4299384,Candidatus Aquiluna,Candidatus Aquiluna rubra
4299386,Candidatus Aquiluna,Candidatus Aquiluna rubra
4426902,Candidatus Aquiluna,Candidatus Aquiluna rubra
4475262,Candidatus Aquiluna,Candidatus Aquiluna rubra
4388380,Candidatus Aquiluna,Candidatus Aquiluna rubra
4348204,Candidatus Aquiluna,Candidatus Aquiluna rubra
4348852,Candidatus Aquiluna,Candidatus Aquiluna rubra
4450288,Candidatus Aquiluna,Candidatus Aquiluna rubra
4320879,Candidatus Aquiluna,Candidatus Aquiluna rubra
4320874,Candidatus Aquiluna,Candidatus Aquiluna rubra
4320875,Candidatus Aquiluna,Candidatus Aquiluna rubra
4320876,Candidatus Aquiluna,Candidatus Aquiluna rubra
4309877,Candidatus Aquiluna,Candidatus Aquiluna rubra
4309878,Candidatus Aquiluna,Candidatus Aquiluna rubra
4309882,Candidatus Aquiluna,Candidatus Aquiluna rubra
4456038,Candidatus Aquiluna,Candidatus Aquiluna rubra
4418237,Candidatus Aquiluna,Candidatus Aquiluna rubra
4416457,Candidatus Aquiluna,Candidatus Aquiluna rubra
4384686,Candidatus Aquiluna,Candidatus Aquiluna rubra
4346381,Candidatus Aquiluna,Candidatus Aquiluna rubra
4306276,Candidatus Aquiluna,Candidatus Aquiluna rubra
4346379,Candidatus Aquiluna,Candidatus Aquiluna rubra
4359278,Candidatus Aquiluna,Candidatus Aquiluna rubra
4359276,Candidatus Aquiluna,Candidatus Aquiluna rubra
4322730,Candidatus Aquiluna,Candidatus Aquiluna rubra
4322729,Candidatus Aquiluna,Candidatus Aquiluna rubra
4436831,Candidatus Aquiluna,Candidatus Aquiluna rubra
4317262,Candidatus Aquiluna,Candidatus Aquiluna rubra
4317255,Candidatus Aquiluna,Candidatus Aquiluna rubra
4416456,Candidatus Aquiluna,Candidatus Aquiluna rubra
4384684,Candidatus Aquiluna,Candidatus Aquiluna rubra
4436833,Candidatus Aquiluna,Candidatus Aquiluna rubra
4392384,Candidatus Aquiluna,Candidatus Aquiluna rubra
4299389,Candidatus Aquiluna,Candidatus Aquiluna rubra
4322403,Candidatus Aquiluna,Candidatus Aquiluna rubra
4475554,Candidatus Aquiluna,Candidatus Aquiluna rubra
4454183,Candidatus Aquiluna,Candidatus Aquiluna rubra
4336231,Candidatus Aquiluna,Candidatus Aquiluna rubra
4336224,Candidatus Aquiluna,Candidatus Aquiluna rubra
4377278,Candidatus Aquiluna,Candidatus Aquiluna rubra
4342270,Candidatus Aquiluna,Candidatus Aquiluna rubra
4407007,Candidatus Aquiluna,Candidatus Aquiluna rubra
4298111,Candidatus Aquiluna,Candidatus Aquiluna rubra
4298116,Candidatus Aquiluna,Candidatus Aquiluna rubra
4399282,Candidatus Aquiluna,Candidatus Aquiluna rubra
4376100,Candidatus Aquiluna,Candidatus Aquiluna rubra
4333914,Candidatus Aquiluna,Candidatus Aquiluna rubra
4333915,Candidatus Aquiluna,Candidatus Aquiluna rubra
4333916,Candidatus Aquiluna,Candidatus Aquiluna rubra
4452799,Candidatus Aquiluna,Candidatus Aquiluna rubra
4336229,Candidatus Aquiluna,Candidatus Aquiluna rubra
4353999,Candidatus Aquiluna,Candidatus Aquiluna rubra
559918,Candidatus Aquiluna,Candidatus Aquiluna rubra
178442,Candidatus Aquiluna,Candidatus Aquiluna rubra
4454184,Candidatus Aquiluna,Candidatus Aquiluna rubra
4294550,Candidatus Aquiluna,Candidatus Aquiluna rubra
4374923,Candidatus Aquiluna,Candidatus Aquiluna rubra
4374920,Candidatus Aquiluna,Candidatus Aquiluna rubra
4410084,Candidatus Aquiluna,Candidatus Aquiluna rubra
4385762,Candidatus Aquiluna,Candidatus Aquiluna rubra
4370510,Candidatus Aquiluna,Candidatus Aquiluna rubra
4307548,Candidatus Aquiluna,Candidatus Aquiluna rubra
4307551,Candidatus Aquiluna,Candidatus Aquiluna rubra
4307550,Candidatus Aquiluna,Candidatus Aquiluna rubra
4307555,Candidatus Aquiluna,Candidatus Aquiluna rubra
4295696,Candidatus Aquiluna,Candidatus Aquiluna rubra
4295700,Candidatus Aquiluna,Candidatus Aquiluna rubra
4295697,Candidatus Aquiluna,Candidatus Aquiluna rubra
4295698,Candidatus Aquiluna,Candidatus Aquiluna rubra
4295703,Candidatus Aquiluna,Candidatus Aquiluna rubra
4441207,Candidatus Aquiluna,Candidatus Aquiluna rubra
4441210,Candidatus Aquiluna,Candidatus Aquiluna rubra
4318542,Candidatus Aquiluna,Candidatus Aquiluna rubra
4318536,Candidatus Aquiluna,Candidatus Aquiluna rubra
4304728,Candidatus Aquiluna,Candidatus Aquiluna rubra
4338042,Candidatus Aquiluna,Candidatus Aquiluna rubra
4338039,Candidatus Aquiluna,Candidatus Aquiluna rubra
4338037,Candidatus Aquiluna,Candidatus Aquiluna rubra
4448363,Candidatus Aquiluna,Candidatus Aquiluna rubra
4448372,Candidatus Aquiluna,Candidatus Aquiluna rubra
4448365,Candidatus Aquiluna,Candidatus Aquiluna rubra
4408243,Candidatus Aquiluna,Candidatus Aquiluna rubra
4307553,Candidatus Aquiluna,Candidatus Aquiluna rubra
4295699,Candidatus Aquiluna,Candidatus Aquiluna rubra
4295704,Candidatus Aquiluna,Candidatus Aquiluna rubra
4295702,Candidatus Aquiluna,Candidatus Aquiluna rubra
4441213,Candidatus Aquiluna,Candidatus Aquiluna rubra
4378590,Candidatus Aquiluna,Candidatus Aquiluna rubra
4448362,Candidatus Aquiluna,Candidatus Aquiluna rubra
4448369,Candidatus Aquiluna,Candidatus Aquiluna rubra
4441212,Candidatus Aquiluna,Candidatus Aquiluna rubra
4441208,Candidatus Aquiluna,Candidatus Aquiluna rubra
4441211,Candidatus Aquiluna,Candidatus Aquiluna rubra
4441209,Candidatus Aquiluna,Candidatus Aquiluna rubra
4318541,Candidatus Aquiluna,Candidatus Aquiluna rubra
4318535,Candidatus Aquiluna,Candidatus Aquiluna rubra
4318537,Candidatus Aquiluna,Candidatus Aquiluna rubra
4318538,Candidatus Aquiluna,Candidatus Aquiluna rubra
4326858,Candidatus Aquiluna,Candidatus Aquiluna rubra
4378593,Candidatus Aquiluna,Candidatus Aquiluna rubra
4332045,Candidatus Aquiluna,Candidatus Aquiluna rubra
4378589,Candidatus Aquiluna,Candidatus Aquiluna rubra
4338045,Candidatus Aquiluna,Candidatus Aquiluna rubra
4338041,Candidatus Aquiluna,Candidatus Aquiluna rubra
4338036,Candidatus Aquiluna,Candidatus Aquiluna rubra
4448371,Candidatus Aquiluna,Candidatus Aquiluna rubra
4448367,Candidatus Aquiluna,Candidatus Aquiluna rubra
4448366,Candidatus Aquiluna,Candidatus Aquiluna rubra
4379845,Candidatus Aquiluna,Candidatus Aquiluna rubra
4408236,Candidatus Aquiluna,Candidatus Aquiluna rubra
4408237,Candidatus Aquiluna,Candidatus Aquiluna rubra
4408238,Candidatus Aquiluna,Candidatus Aquiluna rubra
4379842,Candidatus Aquiluna,Candidatus Aquiluna rubra
4408239,Candidatus Aquiluna,Candidatus Aquiluna rubra
4408241,Candidatus Aquiluna,Candidatus Aquiluna rubra
4435953,Candidatus Aquiluna,Candidatus Aquiluna rubra
4318540,Candidatus Aquiluna,Candidatus Aquiluna rubra
4323359,Candidatus Aquiluna,Candidatus Aquiluna rubra
4323351,Candidatus Aquiluna,Candidatus Aquiluna rubra
4323354,Candidatus Aquiluna,Candidatus Aquiluna rubra
4323353,Candidatus Aquiluna,Candidatus Aquiluna rubra
4304675,Candidatus Aquiluna,Candidatus Aquiluna rubra
4304673,Candidatus Aquiluna,Candidatus Aquiluna rubra
4296134,Candidatus Aquiluna,Candidatus Aquiluna rubra
4296133,Candidatus Aquiluna,Candidatus Aquiluna rubra
4296137,Candidatus Aquiluna,Candidatus Aquiluna rubra
4379788,Candidatus Aquiluna,Candidatus Aquiluna rubra
4298417,Candidatus Aquiluna,Candidatus Aquiluna rubra
4409404,Candidatus Aquiluna,Candidatus Aquiluna rubra
4462702,Candidatus Aquiluna,Candidatus Aquiluna rubra
4338819,Candidatus Aquiluna,Candidatus Aquiluna rubra
4424910,Candidatus Aquiluna,Candidatus Aquiluna rubra
4305568,Candidatus Aquiluna,Candidatus Aquiluna rubra
4409401,Candidatus Aquiluna,Candidatus Aquiluna rubra
4424913,Candidatus Aquiluna,Candidatus Aquiluna rubra
4409402,Candidatus Aquiluna,Candidatus Aquiluna rubra
4409406,Candidatus Aquiluna,Candidatus Aquiluna rubra
4462704,Candidatus Aquiluna,Candidatus Aquiluna rubra
4462703,Candidatus Aquiluna,Candidatus Aquiluna rubra
4462701,Candidatus Aquiluna,Candidatus Aquiluna rubra
4378103,Candidatus Aquiluna,Candidatus Aquiluna rubra
4424912,Candidatus Aquiluna,Candidatus Aquiluna rubra
4424916,Candidatus Aquiluna,Candidatus Aquiluna rubra
4424917,Candidatus Aquiluna,Candidatus Aquiluna rubra
4307547,Candidatus Aquiluna,Candidatus Aquiluna rubra
4307546,Candidatus Aquiluna,Candidatus Aquiluna rubra
4321957,Candidatus Aquiluna,Candidatus Aquiluna rubra
4321964,Candidatus Aquiluna,Candidatus Aquiluna rubra
4321959,Candidatus Aquiluna,Candidatus Aquiluna rubra
4306658,Candidatus Aquiluna,Candidatus Aquiluna rubra
4294929,Candidatus Aquiluna,Candidatus Aquiluna rubra
4294922,Candidatus Aquiluna,Candidatus Aquiluna rubra
4294923,Candidatus Aquiluna,Candidatus Aquiluna rubra
4445285,Candidatus Aquiluna,Candidatus Aquiluna rubra
4445284,Candidatus Aquiluna,Candidatus Aquiluna rubra
4445286,Candidatus Aquiluna,Candidatus Aquiluna rubra
4395100,Candidatus Aquiluna,Candidatus Aquiluna rubra
4395285,Candidatus Aquiluna,Candidatus Aquiluna rubra
4457220,Candidatus Aquiluna,Candidatus Aquiluna rubra
4339713,Candidatus Aquiluna,Candidatus Aquiluna rubra
4312203,Candidatus Aquiluna,Candidatus Aquiluna rubra
4312198,Candidatus Aquiluna,Candidatus Aquiluna rubra
4449768,Candidatus Aquiluna,Candidatus Aquiluna rubra
567526,Candidatus Aquiluna,Candidatus Aquiluna rubra
534068,Candidatus Aquiluna,Candidatus Aquiluna rubra
4485611,Candidatus Aquiluna,Candidatus Aquiluna rubra
756973,Candidatus Nitrososphaera,Candidatus Nitrososphaera SCA1145
138551,Candidatus Microthrix,Candidatus Microthrix parvicella
150607,Candidatus Nitrososphaera,Candidatus Nitrososphaera gargensis
220201,Candidatus Koribacter,Candidatus Koribacter versatilis
658132,Candidatus Microthrix,Candidatus Microthrix parvicella
711605,Candidatus Nitrososphaera,Candidatus Nitrososphaera gargensis
209087,Candidatus Phytoplasma,Candidatus Phytoplasma witches-broom
102973,Candidatus Portiera,Candidatus Portiera aleyrodidarum
102829,Candidatus Portiera,Candidatus Portiera aleyrodidarum
687226,Candidatus Nitrososphaera,Candidatus Nitrososphaera gargensis
46892,Candidatus Portiera,Candidatus Portiera aleyrodidarum
572032,Candidatus Aquiluna,Candidatus Aquiluna rubra
3189285,Candidatus Aquiluna,Candidatus Aquiluna rubra
723248,Candidatus Nitrososphaera,Candidatus Nitrososphaera gargensis
258553,Candidatus Methylacidiphilum,Candidatus Methylacidiphilum infernorum
626712,Candidatus Aquiluna,Candidatus Aquiluna rubra
548787,Candidatus Nitrososphaera,Candidatus Nitrososphaera gargensis
570599,Candidatus Nitrososphaera,Candidatus Nitrososphaera gargensis
569852,Candidatus Nitrososphaera,Candidatus Nitrososphaera gargensis
582801,Candidatus Nitrososphaera,Candidatus Nitrososphaera gargensis
540461,Candidatus Nitrososphaera,Candidatus Nitrososphaera gargensis
585372,Candidatus Nitrososphaera,Candidatus Nitrososphaera gargensis
563974,Candidatus Nitrososphaera,Candidatus Nitrososphaera gargensis
542948,Candidatus Nitrososphaera,Candidatus Nitrososphaera gargensis
557190,Candidatus Nitrososphaera,Candidatus Nitrososphaera gargensis
534409,Candidatus Nitrososphaera,Candidatus Nitrososphaera gargensis
582626,Candidatus Nitrososphaera,Candidatus Nitrososphaera gargensis
570923,Candidatus Nitrososphaera,Candidatus Nitrososphaera gargensis
560391,Candidatus Nitrososphaera,Candidatus Nitrososphaera gargensis
572567,Candidatus Nitrososphaera,Candidatus Nitrososphaera gargensis
583795,Candidatus Nitrososphaera,Candidatus Nitrososphaera gargensis
572404,Candidatus Nitrososphaera,Candidatus Nitrososphaera gargensis
594407,Candidatus Nitrososphaera,Candidatus Nitrososphaera gargensis
590505,Candidatus Nitrososphaera,Candidatus Nitrososphaera gargensis
566358,Candidatus Nitrososphaera,Candidatus Nitrososphaera gargensis
568458,Candidatus Nitrososphaera,Candidatus Nitrososphaera gargensis
585173,Candidatus Nitrososphaera,Candidatus Nitrososphaera gargensis
568586,Candidatus Nitrososphaera,Candidatus Nitrososphaera gargensis
580255,Candidatus Nitrososphaera,Candidatus Nitrososphaera gargensis
556615,Candidatus Nitrososphaera,Candidatus Nitrososphaera gargensis
563736,Candidatus Nitrososphaera,Candidatus Nitrososphaera gargensis
553527,Candidatus Nitrososphaera,Candidatus Nitrososphaera gargensis
587150,Candidatus Nitrososphaera,Candidatus Nitrososphaera gargensis
546040,Candidatus Nitrososphaera,Candidatus Nitrososphaera gargensis
593957,Candidatus Nitrososphaera,Candidatus Nitrososphaera gargensis
584992,Candidatus Nitrososphaera,Candidatus Nitrososphaera gargensis
560447,Candidatus Nitrososphaera,Candidatus Nitrososphaera gargensis
561907,Candidatus Nitrososphaera,Candidatus Nitrososphaera gargensis
553119,Candidatus Nitrososphaera,Candidatus Nitrososphaera gargensis
546346,Candidatus Nitrososphaera,Candidatus Nitrososphaera gargensis
537558,Candidatus Nitrososphaera,Candidatus Nitrososphaera gargensis
592635,Candidatus Nitrososphaera,Candidatus Nitrososphaera gargensis
573767,Candidatus Nitrososphaera,Candidatus Nitrososphaera gargensis
579775,Candidatus Nitrososphaera,Candidatus Nitrososphaera gargensis
591244,Candidatus Nitrososphaera,Candidatus Nitrososphaera gargensis
548665,Candidatus Nitrososphaera,Candidatus Nitrososphaera gargensis
552218,Candidatus Nitrososphaera,Candidatus Nitrososphaera gargensis
593823,Candidatus Nitrososphaera,Candidatus Nitrososphaera gargensis
589425,Candidatus Nitrososphaera,Candidatus Nitrososphaera gargensis
574466,Candidatus Nitrososphaera,Candidatus Nitrososphaera gargensis
571309,Candidatus Nitrososphaera,Candidatus Nitrososphaera gargensis
588736,Candidatus Nitrososphaera,Candidatus Nitrososphaera gargensis
534239,Candidatus Nitrososphaera,Candidatus Nitrososphaera gargensis
551654,Candidatus Nitrososphaera,Candidatus Nitrososphaera gargensis
537947,Candidatus Nitrososphaera,Candidatus Nitrososphaera gargensis
559568,Candidatus Nitrososphaera,Candidatus Nitrososphaera gargensis
577681,Candidatus Nitrososphaera,Candidatus Nitrososphaera gargensis
590093,Candidatus Nitrososphaera,Candidatus Nitrososphaera gargensis
582390,Candidatus Nitrososphaera,Candidatus Nitrososphaera gargensis
578481,Candidatus Nitrososphaera,Candidatus Nitrososphaera gargensis
582209,Candidatus Nitrososphaera,Candidatus Nitrososphaera gargensis
562775,Candidatus Nitrososphaera,Candidatus Nitrososphaera gargensis
590787,Candidatus Nitrososphaera,Candidatus Nitrososphaera gargensis
593983,Candidatus Nitrososphaera,Candidatus Nitrososphaera gargensis
577045,Candidatus Nitrososphaera,Candidatus Nitrososphaera gargensis
574877,Candidatus Nitrososphaera,Candidatus Nitrososphaera gargensis
548602,Candidatus Nitrososphaera,Candidatus Nitrososphaera gargensis
564022,Candidatus Nitrososphaera,Candidatus Nitrososphaera gargensis
579589,Candidatus Nitrososphaera,Candidatus Nitrososphaera gargensis
548222,Candidatus Nitrososphaera,Candidatus Nitrososphaera gargensis
576943,Candidatus Nitrososphaera,Candidatus Nitrososphaera gargensis
547713,Candidatus Nitrososphaera,Candidatus Nitrososphaera gargensis
546287,Candidatus Nitrososphaera,Candidatus Nitrososphaera gargensis
547790,Candidatus Nitrososphaera,Candidatus Nitrososphaera gargensis
548059,Candidatus Nitrososphaera,Candidatus Nitrososphaera gargensis
537017,Candidatus Nitrososphaera,Candidatus Nitrososphaera gargensis
558214,Candidatus Nitrososphaera,Candidatus Nitrososphaera gargensis
3652470,Candidatus Phytoplasma,Candidatus Phytoplasma australiense
316248,Candidatus Phytoplasma,Candidatus Phytoplasma australiense
1143765,Candidatus Phytoplasma,Candidatus Phytoplasma australiense
1143048,Candidatus Phytoplasma,Candidatus Phytoplasma australiense
15671,Candidatus Phytoplasma,Candidatus Phytoplasma australiense
15672,Candidatus Phytoplasma,Candidatus Phytoplasma australiense
15667,Candidatus Phytoplasma,Candidatus Phytoplasma australiense
15675,Candidatus Phytoplasma,Candidatus Phytoplasma australiense
15668,Candidatus Phytoplasma,Candidatus Phytoplasma australiense
439409,Candidatus Phytoplasma,Candidatus Phytoplasma australiense
15670,Candidatus Phytoplasma,Candidatus Phytoplasma australiense
15669,Candidatus Phytoplasma,Candidatus Phytoplasma australiense
4457984,Candidatus Nitrososphaera,Candidatus Nitrososphaera gargensis
4225748,Candidatus Nitrososphaera,Candidatus Nitrososphaera gargensis
106952,Candidatus Portiera,Candidatus Portiera aleyrodidarum
737638,Candidatus Nitrososphaera,Candidatus Nitrososphaera gargensis
4295945,Candidatus Phytoplasma,Candidatus Phytoplasma witches-broom
106863,Candidatus Phytoplasma,Candidatus Phytoplasma witches-broom
565364,Candidatus Nitrososphaera,Candidatus Nitrososphaera SCA1145
26225,Candidatus Koribacter,Candidatus Koribacter versatilis
4434296,Candidatus Portiera,Candidatus Portiera aleyrodidarum
4305707,Candidatus Portiera,Candidatus Portiera aleyrodidarum
4305778,Candidatus Portiera,Candidatus Portiera aleyrodidarum
4299232,Candidatus Portiera,Candidatus Portiera aleyrodidarum
4377033,Candidatus Portiera,Candidatus Portiera aleyrodidarum
4390411,Candidatus Portiera,Candidatus Portiera aleyrodidarum
4416382,Candidatus Portiera,Candidatus Portiera aleyrodidarum
4339872,Candidatus Portiera,Candidatus Portiera aleyrodidarum
2888512,Candidatus Portiera,Candidatus Portiera aleyrodidarum
4447961,Candidatus Portiera,Candidatus Portiera aleyrodidarum
3242704,Candidatus Portiera,Candidatus Portiera aleyrodidarum
4447962,Candidatus Portiera,Candidatus Portiera aleyrodidarum
4447956,Candidatus Portiera,Candidatus Portiera aleyrodidarum
3242703,Candidatus Portiera,Candidatus Portiera aleyrodidarum
4447960,Candidatus Portiera,Candidatus Portiera aleyrodidarum
4297874,Candidatus Portiera,Candidatus Portiera aleyrodidarum
4447959,Candidatus Portiera,Candidatus Portiera aleyrodidarum
4447954,Candidatus Portiera,Candidatus Portiera aleyrodidarum
4447957,Candidatus Portiera,Candidatus Portiera aleyrodidarum
4447955,Candidatus Portiera,Candidatus Portiera aleyrodidarum
88180,Candidatus Portiera,Candidatus Portiera aleyrodidarum
107554,Candidatus Portiera,Candidatus Portiera aleyrodidarum
73878,Candidatus Portiera,Candidatus Portiera aleyrodidarum
29094,Candidatus Portiera,Candidatus Portiera aleyrodidarum
42418,Candidatus Portiera,Candidatus Portiera aleyrodidarum
20005,Candidatus Portiera,Candidatus Portiera aleyrodidarum
34503,Candidatus Portiera,Candidatus Portiera aleyrodidarum
43537,Candidatus Portiera,Candidatus Portiera aleyrodidarum
28101,Candidatus Portiera,Candidatus Portiera aleyrodidarum
8121,Candidatus Portiera,Candidatus Portiera aleyrodidarum
49640,Candidatus Portiera,Candidatus Portiera aleyrodidarum
641035,Candidatus Nitrososphaera,Candidatus Nitrososphaera gargensis
737955,Candidatus Aquiluna,Candidatus Aquiluna rubra
357331,Candidatus Regiella,Candidatus Regiella insecticola
369465,Candidatus Regiella,Candidatus Regiella insecticola
363730,Candidatus Regiella,Candidatus Regiella insecticola
86595,Candidatus Regiella,Candidatus Regiella insecticola
765291,Candidatus Nitrososphaera,Candidatus Nitrososphaera gargensis
101928,Candidatus Nitrososphaera,Candidatus Nitrososphaera SCA1170
15628,Candidatus Phytoplasma,Candidatus Phytoplasma witches-broom
9961,Candidatus Blochmannia,Candidatus Blochmannia floridanus
4364157,Candidatus Nitrososphaera,Candidatus Nitrososphaera gargensis
4317215,Candidatus Nitrososphaera,Candidatus Nitrososphaera gargensis
680892,Candidatus Nitrososphaera,Candidatus Nitrososphaera gargensis
269821,Candidatus Nitrososphaera,Candidatus Nitrososphaera gargensis
273873,Candidatus Nitrososphaera,Candidatus Nitrososphaera gargensis
258217,Candidatus Nitrososphaera,Candidatus Nitrososphaera gargensis
275030,Candidatus Nitrososphaera,Candidatus Nitrososphaera gargensis
273213,Candidatus Nitrososphaera,Candidatus Nitrososphaera gargensis
4347293,Candidatus Nitrososphaera,Candidatus Nitrososphaera gargensis
572813,Candidatus Nitrososphaera,Candidatus Nitrososphaera SCA1145
589781,Candidatus Nitrososphaera,Candidatus Nitrososphaera SCA1145
593344,Candidatus Nitrososphaera,Candidatus Nitrososphaera SCA1145
101592,Candidatus Nitrososphaera,Candidatus Nitrososphaera SCA1170
3124969,Candidatus Phytoplasma,Candidatus Phytoplasma witches-broom
915463,Candidatus Phytoplasma,Candidatus Phytoplasma witches-broom
236656,Candidatus Phytoplasma,Candidatus Phytoplasma witches-broom
584389,Candidatus Phytoplasma,Candidatus Phytoplasma witches-broom
565984,Candidatus Phytoplasma,Candidatus Phytoplasma witches-broom
536425,Candidatus Phytoplasma,Candidatus Phytoplasma witches-broom
557543,Candidatus Phytoplasma,Candidatus Phytoplasma witches-broom
590355,Candidatus Phytoplasma,Candidatus Phytoplasma witches-broom
581065,Candidatus Phytoplasma,Candidatus Phytoplasma witches-broom
541660,Candidatus Phytoplasma,Candidatus Phytoplasma witches-broom
103734,Candidatus Phytoplasma,Candidatus Phytoplasma witches-broom
342713,Candidatus Phytoplasma,Candidatus Phytoplasma witches-broom
543048,Candidatus Phytoplasma,Candidatus Phytoplasma witches-broom
581587,Candidatus Phytoplasma,Candidatus Phytoplasma witches-broom
534918,Candidatus Phytoplasma,Candidatus Phytoplasma witches-broom
4336061,Candidatus Phytoplasma,Candidatus Phytoplasma witches-broom
583290,Candidatus Phytoplasma,Candidatus Phytoplasma witches-broom
538789,Candidatus Phytoplasma,Candidatus Phytoplasma witches-broom
575585,Candidatus Phytoplasma,Candidatus Phytoplasma witches-broom
591979,Candidatus Phytoplasma,Candidatus Phytoplasma witches-broom
561436,Candidatus Phytoplasma,Candidatus Phytoplasma witches-broom
242473,Candidatus Phytoplasma,Candidatus Phytoplasma witches-broom
254955,Candidatus Phytoplasma,Candidatus Phytoplasma witches-broom
87456,Candidatus Phytoplasma,Candidatus Phytoplasma witches-broom
91186,Candidatus Phytoplasma,Candidatus Phytoplasma witches-broom
86835,Candidatus Phytoplasma,Candidatus Phytoplasma witches-broom
4414534,Candidatus Phytoplasma,Candidatus Phytoplasma witches-broom
4405254,Candidatus Phytoplasma,Candidatus Phytoplasma witches-broom
4414535,Candidatus Phytoplasma,Candidatus Phytoplasma witches-broom
4414536,Candidatus Phytoplasma,Candidatus Phytoplasma witches-broom
4414537,Candidatus Phytoplasma,Candidatus Phytoplasma witches-broom
1143264,Candidatus Phytoplasma,Candidatus Phytoplasma witches-broom
1145343,Candidatus Phytoplasma,Candidatus Phytoplasma witches-broom
176054,Candidatus Phytoplasma,Candidatus Phytoplasma witches-broom
1122872,Candidatus Phytoplasma,Candidatus Phytoplasma witches-broom
631437,Candidatus Phytoplasma,Candidatus Phytoplasma witches-broom
622791,Candidatus Phytoplasma,Candidatus Phytoplasma witches-broom
787627,Candidatus Phytoplasma,Candidatus Phytoplasma witches-broom
319230,Candidatus Phytoplasma,Candidatus Phytoplasma witches-broom
346140,Candidatus Phytoplasma,Candidatus Phytoplasma witches-broom
319367,Candidatus Phytoplasma,Candidatus Phytoplasma witches-broom
339127,Candidatus Phytoplasma,Candidatus Phytoplasma witches-broom
312556,Candidatus Phytoplasma,Candidatus Phytoplasma witches-broom
326761,Candidatus Phytoplasma,Candidatus Phytoplasma witches-broom
326955,Candidatus Phytoplasma,Candidatus Phytoplasma witches-broom
351684,Candidatus Phytoplasma,Candidatus Phytoplasma witches-broom
328637,Candidatus Phytoplasma,Candidatus Phytoplasma witches-broom
334025,Candidatus Phytoplasma,Candidatus Phytoplasma witches-broom
734678,Candidatus Phytoplasma,Candidatus Phytoplasma witches-broom
304144,Candidatus Phytoplasma,Candidatus Phytoplasma witches-broom
272140,Candidatus Phytoplasma,Candidatus Phytoplasma witches-broom
78043,Candidatus Phytoplasma,Candidatus Phytoplasma witches-broom
2871539,Candidatus Phytoplasma,Candidatus Phytoplasma witches-broom
1130319,Candidatus Phytoplasma,Candidatus Phytoplasma witches-broom
4378215,Candidatus Phytoplasma,Candidatus Phytoplasma witches-broom
77772,Candidatus Phytoplasma,Candidatus Phytoplasma witches-broom
77969,Candidatus Phytoplasma,Candidatus Phytoplasma witches-broom
78260,Candidatus Phytoplasma,Candidatus Phytoplasma witches-broom
78322,Candidatus Phytoplasma,Candidatus Phytoplasma witches-broom
54286,Candidatus Phytoplasma,Candidatus Phytoplasma witches-broom
2585287,Candidatus Phytoplasma,Candidatus Phytoplasma witches-broom
91757,Candidatus Phytoplasma,Candidatus Phytoplasma witches-broom
86811,Candidatus Phytoplasma,Candidatus Phytoplasma witches-broom
55407,Candidatus Phytoplasma,Candidatus Phytoplasma witches-broom
42718,Candidatus Phytoplasma,Candidatus Phytoplasma witches-broom
1002608,Candidatus Liberibacter,Candidatus Liberibacter africanus
573505,Candidatus Liberibacter,Candidatus Liberibacter africanus
240322,Candidatus Nitrososphaera,Candidatus Nitrososphaera SCA1145
1113342,Candidatus Nitrososphaera,Candidatus Nitrososphaera SCA1145
759617,Candidatus Nitrososphaera,Candidatus Nitrososphaera SCA1145
631269,Candidatus Nitrososphaera,Candidatus Nitrososphaera SCA1145
609418,Candidatus Nitrososphaera,Candidatus Nitrososphaera SCA1145
670992,Candidatus Nitrososphaera,Candidatus Nitrososphaera SCA1145
510335,Candidatus Nitrososphaera,Candidatus Nitrososphaera SCA1145
573021,Candidatus Nitrososphaera,Candidatus Nitrososphaera SCA1145
536730,Candidatus Nitrososphaera,Candidatus Nitrososphaera SCA1145
510051,Candidatus Nitrososphaera,Candidatus Nitrososphaera SCA1145
543624,Candidatus Nitrososphaera,Candidatus Nitrososphaera SCA1145
104533,Candidatus Nitrososphaera,Candidatus Nitrososphaera SCA1145
104842,Candidatus Nitrososphaera,Candidatus Nitrososphaera SCA1145
104384,Candidatus Nitrososphaera,Candidatus Nitrososphaera SCA1145
104689,Candidatus Nitrososphaera,Candidatus Nitrososphaera SCA1145
32035,Candidatus Nitrososphaera,Candidatus Nitrososphaera SCA1145
1139,Candidatus Nitrososphaera,Candidatus Nitrososphaera SCA1145
24479,Candidatus Nitrososphaera,Candidatus Nitrososphaera SCA1145
39571,Candidatus Nitrososphaera,Candidatus Nitrososphaera SCA1145
32329,Candidatus Nitrososphaera,Candidatus Nitrososphaera SCA1145
43271,Candidatus Nitrososphaera,Candidatus Nitrososphaera SCA1145
1139177,Candidatus Nitrososphaera,Candidatus Nitrososphaera SCA1145
4451230,Candidatus Nitrososphaera,Candidatus Nitrososphaera SCA1145
236819,Candidatus Nitrososphaera,Candidatus Nitrososphaera SCA1145
241860,Candidatus Nitrososphaera,Candidatus Nitrososphaera SCA1145
251606,Candidatus Nitrososphaera,Candidatus Nitrososphaera SCA1145
396480,Candidatus Nitrososphaera,Candidatus Nitrososphaera SCA1145
575641,Candidatus Nitrososphaera,Candidatus Nitrososphaera SCA1145
1130821,Candidatus Nitrososphaera,Candidatus Nitrososphaera SCA1145
1140395,Candidatus Nitrososphaera,Candidatus Nitrososphaera SCA1145
1128448,Candidatus Nitrososphaera,Candidatus Nitrososphaera SCA1145
1122648,Candidatus Nitrososphaera,Candidatus Nitrososphaera SCA1145
4467890,Candidatus Nitrososphaera,Candidatus Nitrososphaera SCA1145
1121682,Candidatus Nitrososphaera,Candidatus Nitrososphaera SCA1145
1145615,Candidatus Nitrososphaera,Candidatus Nitrososphaera SCA1145
1129355,Candidatus Nitrososphaera,Candidatus Nitrososphaera SCA1145
4424832,Candidatus Nitrososphaera,Candidatus Nitrososphaera SCA1145
1135966,Candidatus Nitrososphaera,Candidatus Nitrososphaera SCA1145
1125977,Candidatus Nitrososphaera,Candidatus Nitrososphaera SCA1145
1124650,Candidatus Nitrososphaera,Candidatus Nitrososphaera SCA1145
4467892,Candidatus Nitrososphaera,Candidatus Nitrososphaera SCA1145
4431814,Candidatus Nitrososphaera,Candidatus Nitrososphaera SCA1145
1104613,Candidatus Nitrososphaera,Candidatus Nitrososphaera SCA1145
1111878,Candidatus Nitrososphaera,Candidatus Nitrososphaera SCA1145
1108967,Candidatus Nitrososphaera,Candidatus Nitrososphaera SCA1145
1105322,Candidatus Nitrososphaera,Candidatus Nitrososphaera SCA1145
1122599,Candidatus Nitrososphaera,Candidatus Nitrososphaera SCA1145
1126966,Candidatus Nitrososphaera,Candidatus Nitrososphaera SCA1145
4400129,Candidatus Nitrososphaera,Candidatus Nitrososphaera SCA1145
1138369,Candidatus Nitrososphaera,Candidatus Nitrososphaera SCA1145
4379406,Candidatus Nitrososphaera,Candidatus Nitrososphaera SCA1145
4409035,Candidatus Nitrososphaera,Candidatus Nitrososphaera SCA1145
4384624,Candidatus Nitrososphaera,Candidatus Nitrososphaera SCA1145
4384625,Candidatus Nitrososphaera,Candidatus Nitrososphaera SCA1145
4449312,Candidatus Nitrososphaera,Candidatus Nitrososphaera SCA1145
4400133,Candidatus Nitrososphaera,Candidatus Nitrososphaera SCA1145
4478634,Candidatus Nitrososphaera,Candidatus Nitrososphaera SCA1145
4334776,Candidatus Nitrososphaera,Candidatus Nitrososphaera SCA1145
1144331,Candidatus Nitrososphaera,Candidatus Nitrososphaera SCA1145
4479910,Candidatus Aquiluna,Candidatus Aquiluna rubra
69009,Candidatus Phytoplasma,Candidatus Phytoplasma witches-broom
69018,Candidatus Phytoplasma,Candidatus Phytoplasma witches-broom
48457,Candidatus Phytoplasma,Candidatus Phytoplasma witches-broom
4333557,Candidatus Phytoplasma,Candidatus Phytoplasma witches-broom
537227,Candidatus Nitrososphaera,Candidatus Nitrososphaera SCA1145
4383103,Candidatus Microthrix,Candidatus Microthrix parvicella
4328365,Candidatus Microthrix,Candidatus Microthrix parvicella
688624,Candidatus Microthrix,Candidatus Microthrix parvicella
690973,Candidatus Microthrix,Candidatus Microthrix parvicella
546297,Candidatus Microthrix,Candidatus Microthrix parvicella
38048,Candidatus Koribacter,Candidatus Koribacter versatilis
1136152,Candidatus Nitrososphaera,Candidatus Nitrososphaera gargensis
4343262,Candidatus Nitrososphaera,Candidatus Nitrososphaera gargensis
4343261,Candidatus Nitrososphaera,Candidatus Nitrososphaera gargensis
1123438,Candidatus Nitrososphaera,Candidatus Nitrososphaera gargensis
1133335,Candidatus Nitrososphaera,Candidatus Nitrososphaera gargensis
1144700,Candidatus Nitrososphaera,Candidatus Nitrososphaera gargensis
1135550,Candidatus Nitrososphaera,Candidatus Nitrososphaera gargensis
1128071,Candidatus Nitrososphaera,Candidatus Nitrososphaera gargensis
1138266,Candidatus Nitrososphaera,Candidatus Nitrososphaera gargensis
1137675,Candidatus Nitrososphaera,Candidatus Nitrososphaera gargensis
1122263,Candidatus Nitrososphaera,Candidatus Nitrososphaera gargensis
1143704,Candidatus Nitrososphaera,Candidatus Nitrososphaera gargensis
4467889,Candidatus Nitrososphaera,Candidatus Nitrososphaera gargensis
4430734,Candidatus Nitrososphaera,Candidatus Nitrososphaera gargensis
1127130,Candidatus Nitrososphaera,Candidatus Nitrososphaera gargensis
4398828,Candidatus Nitrososphaera,Candidatus Nitrososphaera gargensis
1132149,Candidatus Nitrososphaera,Candidatus Nitrososphaera gargensis
1123298,Candidatus Nitrososphaera,Candidatus Nitrososphaera gargensis
1141455,Candidatus Nitrososphaera,Candidatus Nitrososphaera gargensis
1140226,Candidatus Nitrososphaera,Candidatus Nitrososphaera gargensis
1135112,Candidatus Nitrososphaera,Candidatus Nitrososphaera gargensis
1122220,Candidatus Nitrososphaera,Candidatus Nitrososphaera gargensis
1128832,Candidatus Nitrososphaera,Candidatus Nitrososphaera gargensis
1131476,Candidatus Nitrososphaera,Candidatus Nitrososphaera gargensis
1128253,Candidatus Nitrososphaera,Candidatus Nitrososphaera gargensis
1125612,Candidatus Nitrososphaera,Candidatus Nitrososphaera gargensis
1126125,Candidatus Nitrososphaera,Candidatus Nitrososphaera gargensis
1141600,Candidatus Nitrososphaera,Candidatus Nitrososphaera gargensis
1123560,Candidatus Nitrososphaera,Candidatus Nitrososphaera gargensis
1138385,Candidatus Nitrososphaera,Candidatus Nitrososphaera gargensis
4467891,Candidatus Nitrososphaera,Candidatus Nitrososphaera gargensis
1110860,Candidatus Nitrososphaera,Candidatus Nitrososphaera gargensis
1110499,Candidatus Nitrososphaera,Candidatus Nitrososphaera gargensis
246734,Candidatus Nitrososphaera,Candidatus Nitrososphaera gargensis
245272,Candidatus Nitrososphaera,Candidatus Nitrososphaera gargensis
242653,Candidatus Nitrososphaera,Candidatus Nitrososphaera gargensis
240076,Candidatus Nitrososphaera,Candidatus Nitrososphaera gargensis
187407,Candidatus Nitrososphaera,Candidatus Nitrososphaera gargensis
106039,Candidatus Nitrososphaera,Candidatus Nitrososphaera SCA1170
136508,Candidatus Liberibacter,Candidatus Liberibacter americanus
311857,Candidatus Aquiluna,Candidatus Aquiluna rubra
43103,Candidatus Portiera,Candidatus Portiera aleyrodidarum
36328,Candidatus Portiera,Candidatus Portiera aleyrodidarum
359629,Candidatus Regiella,Candidatus Regiella insecticola
358101,Candidatus Regiella,Candidatus Regiella insecticola
716787,Candidatus Nitrososphaera,Candidatus Nitrososphaera SCA1145
739674,Candidatus Nitrososphaera,Candidatus Nitrososphaera SCA1145
726713,Candidatus Nitrososphaera,Candidatus Nitrososphaera SCA1145
725404,Candidatus Nitrososphaera,Candidatus Nitrososphaera gargensis
759938,Candidatus Aquiluna,Candidatus Aquiluna rubra
71074,Candidatus Nitrososphaera,Candidatus Nitrososphaera SCA1145
575350,Candidatus Nitrososphaera,Candidatus Nitrososphaera SCA1145
561787,Candidatus Nitrososphaera,Candidatus Nitrososphaera SCA1145
412135,Candidatus Nitrososphaera,Candidatus Nitrososphaera SCA1145
4448635,Candidatus Nitrososphaera,Candidatus Nitrososphaera SCA1145
4416356,Candidatus Nitrososphaera,Candidatus Nitrososphaera SCA1145
4418207,Candidatus Nitrososphaera,Candidatus Nitrososphaera SCA1145
4366452,Candidatus Nitrososphaera,Candidatus Nitrososphaera SCA1145
4366714,Candidatus Nitrososphaera,Candidatus Nitrososphaera SCA1145
4372862,Candidatus Nitrososphaera,Candidatus Nitrososphaera SCA1145
4328843,Candidatus Nitrososphaera,Candidatus Nitrososphaera SCA1145
4320818,Candidatus Nitrososphaera,Candidatus Nitrososphaera SCA1145
4320816,Candidatus Nitrososphaera,Candidatus Nitrososphaera SCA1145
4320821,Candidatus Nitrososphaera,Candidatus Nitrososphaera SCA1145
4328923,Candidatus Nitrososphaera,Candidatus Nitrososphaera SCA1145
4372960,Candidatus Nitrososphaera,Candidatus Nitrososphaera SCA1145
4320854,Candidatus Nitrososphaera,Candidatus Nitrososphaera SCA1145
4320850,Candidatus Nitrososphaera,Candidatus Nitrososphaera SCA1145
4320852,Candidatus Nitrososphaera,Candidatus Nitrososphaera SCA1145
4448632,Candidatus Nitrososphaera,Candidatus Nitrososphaera SCA1145
4297865,Candidatus Nitrososphaera,Candidatus Nitrososphaera SCA1145
4297860,Candidatus Nitrososphaera,Candidatus Nitrososphaera SCA1145
4297859,Candidatus Nitrososphaera,Candidatus Nitrososphaera SCA1145
4297864,Candidatus Nitrososphaera,Candidatus Nitrososphaera SCA1145
4297862,Candidatus Nitrososphaera,Candidatus Nitrososphaera SCA1145
4309851,Candidatus Nitrososphaera,Candidatus Nitrososphaera SCA1145
4309848,Candidatus Nitrososphaera,Candidatus Nitrososphaera SCA1145
4309850,Candidatus Nitrososphaera,Candidatus Nitrososphaera SCA1145
4416411,Candidatus Nitrososphaera,Candidatus Nitrososphaera SCA1145
4416412,Candidatus Nitrososphaera,Candidatus Nitrososphaera SCA1145
4416354,Candidatus Nitrososphaera,Candidatus Nitrososphaera SCA1145
4416352,Candidatus Nitrososphaera,Candidatus Nitrososphaera SCA1145
4416353,Candidatus Nitrososphaera,Candidatus Nitrososphaera SCA1145
4386364,Candidatus Nitrososphaera,Candidatus Nitrososphaera SCA1145
4372864,Candidatus Nitrososphaera,Candidatus Nitrososphaera SCA1145
4386363,Candidatus Nitrososphaera,Candidatus Nitrososphaera SCA1145
4386362,Candidatus Nitrososphaera,Candidatus Nitrososphaera SCA1145
4386361,Candidatus Nitrososphaera,Candidatus Nitrososphaera SCA1145
4366454,Candidatus Nitrososphaera,Candidatus Nitrososphaera SCA1145
4372863,Candidatus Nitrososphaera,Candidatus Nitrososphaera SCA1145
4328918,Candidatus Nitrososphaera,Candidatus Nitrososphaera SCA1145
4328845,Candidatus Nitrososphaera,Candidatus Nitrososphaera SCA1145
4328841,Candidatus Nitrososphaera,Candidatus Nitrososphaera SCA1145
4328842,Candidatus Nitrososphaera,Candidatus Nitrososphaera SCA1145
4328844,Candidatus Nitrososphaera,Candidatus Nitrososphaera SCA1145
4328837,Candidatus Nitrososphaera,Candidatus Nitrososphaera SCA1145
4328838,Candidatus Nitrososphaera,Candidatus Nitrososphaera SCA1145
4328839,Candidatus Nitrososphaera,Candidatus Nitrososphaera SCA1145
4448539,Candidatus Nitrososphaera,Candidatus Nitrososphaera SCA1145
4448538,Candidatus Nitrososphaera,Candidatus Nitrososphaera SCA1145
4448540,Candidatus Nitrososphaera,Candidatus Nitrososphaera SCA1145
4443719,Candidatus Nitrososphaera,Candidatus Nitrososphaera SCA1145
4448542,Candidatus Nitrososphaera,Candidatus Nitrososphaera SCA1145
4448541,Candidatus Nitrososphaera,Candidatus Nitrososphaera SCA1145
4448543,Candidatus Nitrososphaera,Candidatus Nitrososphaera SCA1145
4443720,Candidatus Nitrososphaera,Candidatus Nitrososphaera SCA1145
4448544,Candidatus Nitrososphaera,Candidatus Nitrososphaera SCA1145
4395600,Candidatus Nitrososphaera,Candidatus Nitrososphaera SCA1145
4320815,Candidatus Nitrososphaera,Candidatus Nitrososphaera SCA1145
4320819,Candidatus Nitrososphaera,Candidatus Nitrososphaera SCA1145
4320817,Candidatus Nitrososphaera,Candidatus Nitrososphaera SCA1145
4320822,Candidatus Nitrososphaera,Candidatus Nitrososphaera SCA1145
4320823,Candidatus Nitrososphaera,Candidatus Nitrososphaera SCA1145
4320820,Candidatus Nitrososphaera,Candidatus Nitrososphaera SCA1145
4328924,Candidatus Nitrososphaera,Candidatus Nitrososphaera SCA1145
4328922,Candidatus Nitrososphaera,Candidatus Nitrososphaera SCA1145
4328919,Candidatus Nitrososphaera,Candidatus Nitrososphaera SCA1145
4328920,Candidatus Nitrososphaera,Candidatus Nitrososphaera SCA1145
4328917,Candidatus Nitrososphaera,Candidatus Nitrososphaera SCA1145
4328915,Candidatus Nitrososphaera,Candidatus Nitrososphaera SCA1145
4372968,Candidatus Nitrososphaera,Candidatus Nitrososphaera SCA1145
4372967,Candidatus Nitrososphaera,Candidatus Nitrososphaera SCA1145
4372964,Candidatus Nitrososphaera,Candidatus Nitrososphaera SCA1145
4372963,Candidatus Nitrososphaera,Candidatus Nitrososphaera SCA1145
4372966,Candidatus Nitrososphaera,Candidatus Nitrososphaera SCA1145
4372965,Candidatus Nitrososphaera,Candidatus Nitrososphaera SCA1145
4372961,Candidatus Nitrososphaera,Candidatus Nitrososphaera SCA1145
4372962,Candidatus Nitrososphaera,Candidatus Nitrososphaera SCA1145
4320847,Candidatus Nitrososphaera,Candidatus Nitrososphaera SCA1145
4320848,Candidatus Nitrososphaera,Candidatus Nitrososphaera SCA1145
4320853,Candidatus Nitrososphaera,Candidatus Nitrososphaera SCA1145
4320856,Candidatus Nitrososphaera,Candidatus Nitrososphaera SCA1145
4320849,Candidatus Nitrososphaera,Candidatus Nitrososphaera SCA1145
4320851,Candidatus Nitrososphaera,Candidatus Nitrososphaera SCA1145
4448633,Candidatus Nitrososphaera,Candidatus Nitrososphaera SCA1145
4448636,Candidatus Nitrososphaera,Candidatus Nitrososphaera SCA1145
4448634,Candidatus Nitrososphaera,Candidatus Nitrososphaera SCA1145
4444280,Candidatus Nitrososphaera,Candidatus Nitrososphaera SCA1145
4448640,Candidatus Nitrososphaera,Candidatus Nitrososphaera SCA1145
4448638,Candidatus Nitrososphaera,Candidatus Nitrososphaera SCA1145
4448639,Candidatus Nitrososphaera,Candidatus Nitrososphaera SCA1145
4448637,Candidatus Nitrososphaera,Candidatus Nitrososphaera SCA1145
4297866,Candidatus Nitrososphaera,Candidatus Nitrososphaera SCA1145
4297861,Candidatus Nitrososphaera,Candidatus Nitrososphaera SCA1145
4297858,Candidatus Nitrososphaera,Candidatus Nitrososphaera SCA1145
4304852,Candidatus Nitrososphaera,Candidatus Nitrososphaera SCA1145
4297863,Candidatus Nitrososphaera,Candidatus Nitrososphaera SCA1145
4309852,Candidatus Nitrososphaera,Candidatus Nitrososphaera SCA1145
4309844,Candidatus Nitrososphaera,Candidatus Nitrososphaera SCA1145
4309846,Candidatus Nitrososphaera,Candidatus Nitrososphaera SCA1145
4320058,Candidatus Nitrososphaera,Candidatus Nitrososphaera SCA1145
4309845,Candidatus Nitrososphaera,Candidatus Nitrososphaera SCA1145
4309847,Candidatus Nitrososphaera,Candidatus Nitrososphaera SCA1145
4309849,Candidatus Nitrososphaera,Candidatus Nitrososphaera SCA1145
4416355,Candidatus Nitrososphaera,Candidatus Nitrososphaera SCA1145
4328846,Candidatus Nitrososphaera,Candidatus Nitrososphaera SCA1145
4328840,Candidatus Nitrososphaera,Candidatus Nitrososphaera SCA1145
4320814,Candidatus Nitrososphaera,Candidatus Nitrososphaera SCA1145
4328921,Candidatus Nitrososphaera,Candidatus Nitrososphaera SCA1145
4328916,Candidatus Nitrososphaera,Candidatus Nitrososphaera SCA1145
4320855,Candidatus Nitrososphaera,Candidatus Nitrososphaera SCA1145
4386384,Candidatus Nitrososphaera,Candidatus Nitrososphaera SCA1145
143635,Candidatus Nitrososphaera,Candidatus Nitrososphaera SCA1145
141882,Candidatus Nitrososphaera,Candidatus Nitrososphaera SCA1145
144185,Candidatus Nitrososphaera,Candidatus Nitrososphaera SCA1145
142041,Candidatus Nitrososphaera,Candidatus Nitrososphaera SCA1145
404761,Candidatus Nitrososphaera,Candidatus Nitrososphaera SCA1145
106615,Candidatus Nitrososphaera,Candidatus Nitrososphaera SCA1145
100775,Candidatus Phytoplasma,Candidatus Phytoplasma solani
99043,Candidatus Portiera,Candidatus Portiera aleyrodidarum
29699,Candidatus Regiella,Candidatus Regiella insecticola
1123752,Candidatus Portiera,Candidatus Portiera aleyrodidarum
2006138,Candidatus Portiera,Candidatus Portiera aleyrodidarum
142373,Candidatus Nitrososphaera,Candidatus Nitrososphaera SCA1170
141739,Candidatus Nitrososphaera,Candidatus Nitrososphaera SCA1170
141896,Candidatus Nitrososphaera,Candidatus Nitrososphaera SCA1170
143827,Candidatus Nitrososphaera,Candidatus Nitrososphaera SCA1170
704748,Candidatus Nitrososphaera,Candidatus Nitrososphaera gargensis
130834,Candidatus Regiella,Candidatus Regiella insecticola
102840,Candidatus Regiella,Candidatus Regiella insecticola
125215,Candidatus Regiella,Candidatus Regiella insecticola
112461,Candidatus Regiella,Candidatus Regiella insecticola
709496,Candidatus Regiella,Candidatus Regiella insecticola
673315,Candidatus Regiella,Candidatus Regiella insecticola
735298,Candidatus Regiella,Candidatus Regiella insecticola
609928,Candidatus Regiella,Candidatus Regiella insecticola
41267,Candidatus Regiella,Candidatus Regiella insecticola
50997,Candidatus Regiella,Candidatus Regiella insecticola
42020,Candidatus Regiella,Candidatus Regiella insecticola
85221,Candidatus Regiella,Candidatus Regiella insecticola
86615,Candidatus Regiella,Candidatus Regiella insecticola
150888,Candidatus Regiella,Candidatus Regiella insecticola
203166,Candidatus Phytoplasma,Candidatus Phytoplasma australiense
203051,Candidatus Phytoplasma,Candidatus Phytoplasma australiense
159436,Candidatus Koribacter,Candidatus Koribacter versatilis
157743,Candidatus Koribacter,Candidatus Koribacter versatilis
1113007,Candidatus Koribacter,Candidatus Koribacter versatilis
1113082,Candidatus Koribacter,Candidatus Koribacter versatilis
72400,Candidatus Koribacter,Candidatus Koribacter versatilis
768768,Candidatus Aquiluna,Candidatus Aquiluna rubra
696077,Candidatus Aquiluna,Candidatus Aquiluna rubra
4369426,Candidatus Phytoplasma,Candidatus Phytoplasma witches-broom
106270,Candidatus Phytoplasma,Candidatus Phytoplasma australiense
15630,Candidatus Phytoplasma,Candidatus Phytoplasma witches-broom
15631,Candidatus Phytoplasma,Candidatus Phytoplasma witches-broom
833697,Candidatus Phytoplasma,Candidatus Phytoplasma witches-broom
15634,Candidatus Phytoplasma,Candidatus Phytoplasma witches-broom
15633,Candidatus Phytoplasma,Candidatus Phytoplasma witches-broom
15632,Candidatus Phytoplasma,Candidatus Phytoplasma witches-broom
15635,Candidatus Phytoplasma,Candidatus Phytoplasma witches-broom
76611,Candidatus Nitrososphaera,Candidatus Nitrososphaera gargensis
75056,Candidatus Nitrososphaera,Candidatus Nitrososphaera gargensis
1126596,Candidatus Nitrososphaera,Candidatus Nitrososphaera SCA1145
87911,Candidatus Phytoplasma,Candidatus Phytoplasma witches-broom
87980,Candidatus Phytoplasma,Candidatus Phytoplasma witches-broom
25887,Candidatus Phytoplasma,Candidatus Phytoplasma witches-broom
87732,Candidatus Phytoplasma,Candidatus Phytoplasma witches-broom
87774,Candidatus Phytoplasma,Candidatus Phytoplasma witches-broom
86755,Candidatus Phytoplasma,Candidatus Phytoplasma witches-broom
87317,Candidatus Phytoplasma,Candidatus Phytoplasma witches-broom
87635,Candidatus Phytoplasma,Candidatus Phytoplasma witches-broom
87003,Candidatus Phytoplasma,Candidatus Phytoplasma witches-broom
87547,Candidatus Phytoplasma,Candidatus Phytoplasma witches-broom
86864,Candidatus Phytoplasma,Candidatus Phytoplasma witches-broom
86747,Candidatus Phytoplasma,Candidatus Phytoplasma witches-broom
150071,Candidatus Phytoplasma,Candidatus Phytoplasma witches-broom
15607,Candidatus Phytoplasma,Candidatus Phytoplasma witches-broom
69629,Candidatus Phytoplasma,Candidatus Phytoplasma witches-broom
15608,Candidatus Phytoplasma,Candidatus Phytoplasma witches-broom
1147236,Candidatus Glomeribacter,Candidatus Glomeribacter gigasporarum
28964,Candidatus Glomeribacter,Candidatus Glomeribacter gigasporarum
44752,Candidatus Glomeribacter,Candidatus Glomeribacter gigasporarum
38919,Candidatus Glomeribacter,Candidatus Glomeribacter gigasporarum
637555,Candidatus Aquiluna,Candidatus Aquiluna rubra
105167,Candidatus Regiella,Candidatus Regiella insecticola
139817,Candidatus Aquiluna,Candidatus Aquiluna rubra
25150,Candidatus Portiera,Candidatus Portiera aleyrodidarum
771703,Candidatus Aquiluna,Candidatus Aquiluna rubra
750856,Candidatus Aquiluna,Candidatus Aquiluna rubra
650401,Candidatus Aquiluna,Candidatus Aquiluna rubra
649967,Candidatus Aquiluna,Candidatus Aquiluna rubra
732069,Candidatus Aquiluna,Candidatus Aquiluna rubra
761299,Candidatus Aquiluna,Candidatus Aquiluna rubra
684227,Candidatus Aquiluna,Candidatus Aquiluna rubra
728514,Candidatus Aquiluna,Candidatus Aquiluna rubra
802202,Candidatus Aquiluna,Candidatus Aquiluna rubra
669466,Candidatus Aquiluna,Candidatus Aquiluna rubra
677254,Candidatus Aquiluna,Candidatus Aquiluna rubra
637008,Candidatus Aquiluna,Candidatus Aquiluna rubra
676285,Candidatus Aquiluna,Candidatus Aquiluna rubra
795645,Candidatus Aquiluna,Candidatus Aquiluna rubra
791558,Candidatus Aquiluna,Candidatus Aquiluna rubra
660204,Candidatus Aquiluna,Candidatus Aquiluna rubra
699062,Candidatus Aquiluna,Candidatus Aquiluna rubra
766998,Candidatus Aquiluna,Candidatus Aquiluna rubra
697854,Candidatus Aquiluna,Candidatus Aquiluna rubra
768736,Candidatus Aquiluna,Candidatus Aquiluna rubra
626518,Candidatus Aquiluna,Candidatus Aquiluna rubra
689455,Candidatus Aquiluna,Candidatus Aquiluna rubra
769737,Candidatus Aquiluna,Candidatus Aquiluna rubra
728472,Candidatus Aquiluna,Candidatus Aquiluna rubra
634831,Candidatus Aquiluna,Candidatus Aquiluna rubra
639990,Candidatus Aquiluna,Candidatus Aquiluna rubra
767249,Candidatus Aquiluna,Candidatus Aquiluna rubra
627409,Candidatus Aquiluna,Candidatus Aquiluna rubra
644582,Candidatus Aquiluna,Candidatus Aquiluna rubra
803791,Candidatus Aquiluna,Candidatus Aquiluna rubra
646124,Candidatus Aquiluna,Candidatus Aquiluna rubra
648395,Candidatus Aquiluna,Candidatus Aquiluna rubra
756352,Candidatus Aquiluna,Candidatus Aquiluna rubra
752887,Candidatus Aquiluna,Candidatus Aquiluna rubra
715045,Candidatus Aquiluna,Candidatus Aquiluna rubra
782038,Candidatus Aquiluna,Candidatus Aquiluna rubra
747453,Candidatus Aquiluna,Candidatus Aquiluna rubra
767274,Candidatus Aquiluna,Candidatus Aquiluna rubra
753367,Candidatus Aquiluna,Candidatus Aquiluna rubra
626260,Candidatus Aquiluna,Candidatus Aquiluna rubra
696786,Candidatus Aquiluna,Candidatus Aquiluna rubra
782658,Candidatus Aquiluna,Candidatus Aquiluna rubra
673331,Candidatus Aquiluna,Candidatus Aquiluna rubra
676947,Candidatus Aquiluna,Candidatus Aquiluna rubra
780857,Candidatus Aquiluna,Candidatus Aquiluna rubra
743354,Candidatus Aquiluna,Candidatus Aquiluna rubra
614012,Candidatus Aquiluna,Candidatus Aquiluna rubra
784897,Candidatus Aquiluna,Candidatus Aquiluna rubra
737970,Candidatus Aquiluna,Candidatus Aquiluna rubra
715541,Candidatus Aquiluna,Candidatus Aquiluna rubra
754578,Candidatus Aquiluna,Candidatus Aquiluna rubra
705234,Candidatus Aquiluna,Candidatus Aquiluna rubra
541358,Candidatus Aquiluna,Candidatus Aquiluna rubra
409573,Candidatus Aquiluna,Candidatus Aquiluna rubra
462089,Candidatus Aquiluna,Candidatus Aquiluna rubra
4336442,Candidatus Aquiluna,Candidatus Aquiluna rubra
613187,Candidatus Nitrososphaera,Candidatus Nitrososphaera gargensis
102356,Candidatus Portiera,Candidatus Portiera aleyrodidarum
240435,Candidatus Aquiluna,Candidatus Aquiluna rubra
15623,Candidatus Phytoplasma,Candidatus Phytoplasma witches-broom
15603,Candidatus Phytoplasma,Candidatus Phytoplasma witches-broom
87073,Candidatus Phytoplasma,Candidatus Phytoplasma witches-broom
87917,Candidatus Phytoplasma,Candidatus Phytoplasma witches-broom
87307,Candidatus Phytoplasma,Candidatus Phytoplasma witches-broom
86960,Candidatus Phytoplasma,Candidatus Phytoplasma witches-broom
100780,Candidatus Nitrososphaera,Candidatus Nitrososphaera gargensis
322988,Candidatus Aquiluna,Candidatus Aquiluna rubra
316954,Candidatus Aquiluna,Candidatus Aquiluna rubra
306525,Candidatus Aquiluna,Candidatus Aquiluna rubra
337133,Candidatus Aquiluna,Candidatus Aquiluna rubra
311249,Candidatus Aquiluna,Candidatus Aquiluna rubra
336009,Candidatus Aquiluna,Candidatus Aquiluna rubra
323969,Candidatus Aquiluna,Candidatus Aquiluna rubra
343226,Candidatus Aquiluna,Candidatus Aquiluna rubra
321298,Candidatus Aquiluna,Candidatus Aquiluna rubra
304831,Candidatus Aquiluna,Candidatus Aquiluna rubra
343364,Candidatus Aquiluna,Candidatus Aquiluna rubra
331179,Candidatus Aquiluna,Candidatus Aquiluna rubra
326590,Candidatus Aquiluna,Candidatus Aquiluna rubra
318795,Candidatus Aquiluna,Candidatus Aquiluna rubra
98221,Candidatus Aquiluna,Candidatus Aquiluna rubra
97172,Candidatus Aquiluna,Candidatus Aquiluna rubra
95180,Candidatus Aquiluna,Candidatus Aquiluna rubra
97372,Candidatus Aquiluna,Candidatus Aquiluna rubra
330567,Candidatus Aquiluna,Candidatus Aquiluna rubra
384376,Candidatus Aquiluna,Candidatus Aquiluna rubra
534451,Candidatus Aquiluna,Candidatus Aquiluna rubra
661944,Candidatus Aquiluna,Candidatus Aquiluna rubra
4383820,Candidatus Aquiluna,Candidatus Aquiluna rubra
4295949,Candidatus Aquiluna,Candidatus Aquiluna rubra
389650,Candidatus Aquiluna,Candidatus Aquiluna rubra
615890,Candidatus Aquiluna,Candidatus Aquiluna rubra
617578,Candidatus Aquiluna,Candidatus Aquiluna rubra
755782,Candidatus Aquiluna,Candidatus Aquiluna rubra
761052,Candidatus Aquiluna,Candidatus Aquiluna rubra
644106,Candidatus Aquiluna,Candidatus Aquiluna rubra
293229,Candidatus Aquiluna,Candidatus Aquiluna rubra
297331,Candidatus Aquiluna,Candidatus Aquiluna rubra
290739,Candidatus Aquiluna,Candidatus Aquiluna rubra
459591,Candidatus Aquiluna,Candidatus Aquiluna rubra
383336,Candidatus Aquiluna,Candidatus Aquiluna rubra
701980,Candidatus Aquiluna,Candidatus Aquiluna rubra
795931,Candidatus Aquiluna,Candidatus Aquiluna rubra
685871,Candidatus Aquiluna,Candidatus Aquiluna rubra
678219,Candidatus Aquiluna,Candidatus Aquiluna rubra
304067,Candidatus Aquiluna,Candidatus Aquiluna rubra
647593,Candidatus Nitrososphaera,Candidatus Nitrososphaera SCA1170
4476200,Candidatus Nitrososphaera,Candidatus Nitrososphaera gargensis
581361,Candidatus Liberibacter,Candidatus Liberibacter americanus
989225,Candidatus Liberibacter,Candidatus Liberibacter americanus
319890,Candidatus Liberibacter,Candidatus Liberibacter americanus
329331,Candidatus Liberibacter,Candidatus Liberibacter americanus
313383,Candidatus Liberibacter,Candidatus Liberibacter americanus
338508,Candidatus Liberibacter,Candidatus Liberibacter americanus
346935,Candidatus Liberibacter,Candidatus Liberibacter americanus
351862,Candidatus Liberibacter,Candidatus Liberibacter americanus
340404,Candidatus Liberibacter,Candidatus Liberibacter americanus
323504,Candidatus Liberibacter,Candidatus Liberibacter americanus
306968,Candidatus Liberibacter,Candidatus Liberibacter americanus
356178,Candidatus Liberibacter,Candidatus Liberibacter americanus
268664,Candidatus Aquiluna,Candidatus Aquiluna rubra
653550,Candidatus Nitrososphaera,Candidatus Nitrososphaera gargensis
82781,Candidatus Phytoplasma,Candidatus Phytoplasma witches-broom
613229,Candidatus Nitrososphaera,Candidatus Nitrososphaera gargensis
69575,Candidatus Phytoplasma,Candidatus Phytoplasma witches-broom
15613,Candidatus Phytoplasma,Candidatus Phytoplasma witches-broom
4447958,Candidatus Portiera,Candidatus Portiera aleyrodidarum
543169,Candidatus Nitrososphaera,Candidatus Nitrososphaera SCA1145
107406,Candidatus Portiera,Candidatus Portiera aleyrodidarum
15593,Candidatus Phytoplasma,Candidatus Phytoplasma witches-broom
105508,Candidatus Phytoplasma,Candidatus Phytoplasma solani
105354,Candidatus Phytoplasma,Candidatus Phytoplasma solani
3883854,Candidatus Aquiluna,Candidatus Aquiluna rubra
15614,Candidatus Phytoplasma,Candidatus Phytoplasma witches-broom
712667,Candidatus Aquiluna,Candidatus Aquiluna rubra
563792,Candidatus Aquiluna,Candidatus Aquiluna rubra
729748,Candidatus Aquiluna,Candidatus Aquiluna rubra
710988,Candidatus Aquiluna,Candidatus Aquiluna rubra
668611,Candidatus Aquiluna,Candidatus Aquiluna rubra
701563,Candidatus Aquiluna,Candidatus Aquiluna rubra
730084,Candidatus Aquiluna,Candidatus Aquiluna rubra
663422,Candidatus Aquiluna,Candidatus Aquiluna rubra
674054,Candidatus Aquiluna,Candidatus Aquiluna rubra
791881,Candidatus Aquiluna,Candidatus Aquiluna rubra
778293,Candidatus Aquiluna,Candidatus Aquiluna rubra
635119,Candidatus Aquiluna,Candidatus Aquiluna rubra
687802,Candidatus Aquiluna,Candidatus Aquiluna rubra
617508,Candidatus Aquiluna,Candidatus Aquiluna rubra
626339,Candidatus Aquiluna,Candidatus Aquiluna rubra
721950,Candidatus Aquiluna,Candidatus Aquiluna rubra
627691,Candidatus Aquiluna,Candidatus Aquiluna rubra
102951,Candidatus Aquiluna,Candidatus Aquiluna rubra
161531,Candidatus Aquiluna,Candidatus Aquiluna rubra
569707,Candidatus Glomeribacter,Candidatus Glomeribacter gigasporarum
543848,Candidatus Glomeribacter,Candidatus Glomeribacter gigasporarum
652441,Candidatus Nitrososphaera,Candidatus Nitrososphaera gargensis
640717,Candidatus Nitrososphaera,Candidatus Nitrososphaera gargensis
539051,Candidatus Aquiluna,Candidatus Aquiluna rubra
85993,Candidatus Regiella,Candidatus Regiella insecticola
85780,Candidatus Regiella,Candidatus Regiella insecticola
21535,Candidatus Blochmannia,Candidatus Blochmannia floridanus
107234,Candidatus Nitrososphaera,Candidatus Nitrososphaera SCA1145
106456,Candidatus Nitrososphaera,Candidatus Nitrososphaera SCA1145
106302,Candidatus Nitrososphaera,Candidatus Nitrososphaera SCA1145
54107,Candidatus Nitrososphaera,Candidatus Nitrososphaera gargensis
4362614,Candidatus Nitrososphaera,Candidatus Nitrososphaera SCA1145
657620,Candidatus Aquiluna,Candidatus Aquiluna rubra
427048,Candidatus Nitrososphaera,Candidatus Nitrososphaera SCA1145
235828,Candidatus Phytoplasma,Candidatus Phytoplasma witches-broom
237008,Candidatus Phytoplasma,Candidatus Phytoplasma witches-broom
66024,Candidatus Phytoplasma,Candidatus Phytoplasma witches-broom
252600,Candidatus Phytoplasma,Candidatus Phytoplasma witches-broom
60512,Candidatus Phytoplasma,Candidatus Phytoplasma witches-broom
15602,Candidatus Phytoplasma,Candidatus Phytoplasma witches-broom
1082838,Candidatus Phytoplasma,Candidatus Phytoplasma witches-broom
869669,Candidatus Phytoplasma,Candidatus Phytoplasma witches-broom
367243,Candidatus Phytoplasma,Candidatus Phytoplasma witches-broom
87229,Candidatus Phytoplasma,Candidatus Phytoplasma witches-broom
88039,Candidatus Phytoplasma,Candidatus Phytoplasma witches-broom
233440,Candidatus Phytoplasma,Candidatus Phytoplasma witches-broom
235258,Candidatus Phytoplasma,Candidatus Phytoplasma witches-broom
531087,Candidatus Phytoplasma,Candidatus Phytoplasma witches-broom
15605,Candidatus Phytoplasma,Candidatus Phytoplasma witches-broom
15604,Candidatus Phytoplasma,Candidatus Phytoplasma witches-broom
813811,Candidatus Phytoplasma,Candidatus Phytoplasma witches-broom
811801,Candidatus Phytoplasma,Candidatus Phytoplasma witches-broom
816348,Candidatus Phytoplasma,Candidatus Phytoplasma witches-broom
812121,Candidatus Phytoplasma,Candidatus Phytoplasma witches-broom
805904,Candidatus Phytoplasma,Candidatus Phytoplasma witches-broom
807837,Candidatus Phytoplasma,Candidatus Phytoplasma witches-broom
15606,Candidatus Phytoplasma,Candidatus Phytoplasma witches-broom
4452511,Candidatus Microthrix,Candidatus Microthrix parvicella
1632257,Candidatus Microthrix,Candidatus Microthrix parvicella
3268470,Candidatus Microthrix,Candidatus Microthrix parvicella
3889460,Candidatus Microthrix,Candidatus Microthrix parvicella
138243,Candidatus Microthrix,Candidatus Microthrix parvicella
4328373,Candidatus Microthrix,Candidatus Microthrix parvicella
138340,Candidatus Microthrix,Candidatus Microthrix parvicella
138448,Candidatus Microthrix,Candidatus Microthrix parvicella
138734,Candidatus Microthrix,Candidatus Microthrix parvicella
138098,Candidatus Microthrix,Candidatus Microthrix parvicella
12525,Candidatus Microthrix,Candidatus Microthrix parvicella
241742,Candidatus Microthrix,Candidatus Microthrix parvicella
11421,Candidatus Microthrix,Candidatus Microthrix parvicella
102130,Candidatus Microthrix,Candidatus Microthrix parvicella
739626,Candidatus Microthrix,Candidatus Microthrix parvicella
711122,Candidatus Microthrix,Candidatus Microthrix parvicella
564938,Candidatus Microthrix,Candidatus Microthrix parvicella
535319,Candidatus Microthrix,Candidatus Microthrix parvicella
3995173,Candidatus Microthrix,Candidatus Microthrix parvicella
4456654,Candidatus Nitrososphaera,Candidatus Nitrososphaera gargensis
1147170,Candidatus Phytoplasma,Candidatus Phytoplasma witches-broom
610438,Candidatus Nitrososphaera,Candidatus Nitrososphaera gargensis
676537,Candidatus Nitrososphaera,Candidatus Nitrososphaera gargensis
103696,Candidatus Portiera,Candidatus Portiera aleyrodidarum
4362617,Candidatus Nitrososphaera,Candidatus Nitrososphaera SCA1145
4362616,Candidatus Nitrososphaera,Candidatus Nitrososphaera SCA1145
4362618,Candidatus Nitrososphaera,Candidatus Nitrososphaera SCA1145
1143,Candidatus Nitrososphaera,Candidatus Nitrososphaera SCA1170
47778,Candidatus Nitrososphaera,Candidatus Nitrososphaera gargensis
103126,Candidatus Portiera,Candidatus Portiera aleyrodidarum
102215,Candidatus Portiera,Candidatus Portiera aleyrodidarum
4329151,Candidatus Phytoplasma,Candidatus Phytoplasma witches-broom
277015,Candidatus Phytoplasma,Candidatus Phytoplasma witches-broom
59553,Candidatus Neoehrlichia,Candidatus Neoehrlichia mikurensis
4474953,Candidatus Neoehrlichia,Candidatus Neoehrlichia mikurensis
4322263,Candidatus Neoehrlichia,Candidatus Neoehrlichia mikurensis
4399716,Candidatus Neoehrlichia,Candidatus Neoehrlichia mikurensis
4399717,Candidatus Neoehrlichia,Candidatus Neoehrlichia mikurensis
4399714,Candidatus Neoehrlichia,Candidatus Neoehrlichia mikurensis
4399715,Candidatus Neoehrlichia,Candidatus Neoehrlichia mikurensis
4399712,Candidatus Neoehrlichia,Candidatus Neoehrlichia mikurensis
4399713,Candidatus Neoehrlichia,Candidatus Neoehrlichia mikurensis
4431776,Candidatus Neoehrlichia,Candidatus Neoehrlichia mikurensis
4431775,Candidatus Neoehrlichia,Candidatus Neoehrlichia mikurensis
4431772,Candidatus Neoehrlichia,Candidatus Neoehrlichia mikurensis
4431771,Candidatus Neoehrlichia,Candidatus Neoehrlichia mikurensis
4477992,Candidatus Neoehrlichia,Candidatus Neoehrlichia mikurensis
2342626,Candidatus Neoehrlichia,Candidatus Neoehrlichia mikurensis
4431769,Candidatus Neoehrlichia,Candidatus Neoehrlichia mikurensis
2342628,Candidatus Neoehrlichia,Candidatus Neoehrlichia mikurensis
4431770,Candidatus Neoehrlichia,Candidatus Neoehrlichia mikurensis
4431774,Candidatus Neoehrlichia,Candidatus Neoehrlichia mikurensis
4431773,Candidatus Neoehrlichia,Candidatus Neoehrlichia mikurensis
817976,Candidatus Neoehrlichia,Candidatus Neoehrlichia mikurensis
571174,Candidatus Neoehrlichia,Candidatus Neoehrlichia mikurensis
6025,Candidatus Neoehrlichia,Candidatus Neoehrlichia mikurensis
337830,Candidatus Neoehrlichia,Candidatus Neoehrlichia mikurensis
308735,Candidatus Neoehrlichia,Candidatus Neoehrlichia mikurensis
149129,Candidatus Neoehrlichia,Candidatus Neoehrlichia mikurensis
146821,Candidatus Neoehrlichia,Candidatus Neoehrlichia mikurensis
4484458,Candidatus Neoehrlichia,Candidatus Neoehrlichia mikurensis
63884,Candidatus Neoehrlichia,Candidatus Neoehrlichia mikurensis
63883,Candidatus Neoehrlichia,Candidatus Neoehrlichia mikurensis
556561,Candidatus Nitrososphaera,Candidatus Nitrososphaera SCA1170
849108,Candidatus Koribacter,Candidatus Koribacter versatilis
849197,Candidatus Koribacter,Candidatus Koribacter versatilis
849860,Candidatus Koribacter,Candidatus Koribacter versatilis
103124,Candidatus Portiera,Candidatus Portiera aleyrodidarum
1521670,Candidatus Methylacidiphilum,Candidatus Methylacidiphilum infernorum
247093,Candidatus Methylacidiphilum,Candidatus Methylacidiphilum infernorum
277374,Candidatus Methylacidiphilum,Candidatus Methylacidiphilum infernorum
255259,Candidatus Methylacidiphilum,Candidatus Methylacidiphilum infernorum